sep=;
caseID;activity;day;timestamp; on_off
1;Bell;Lunedi;16/01/2023 00:00;on
1;HallDoor;Lunedi;16/01/2023 00:00;off
1;WashingMachine;Lunedi;16/01/2023 00:00;off
1;BathroomDoor;Lunedi;16/01/2023 01:23;on
1;BathroomDoor;Lunedi;16/01/2023 01:45;off
1;Bell;Lunedi;16/01/2023 10:23;off
1;Window;Lunedi;16/01/2023 10:56;on
1;HallDoor;Lunedi;16/01/2023 11:00;on
1;Microwave;Lunedi;16/01/2023 11:05;on
1;Stove;Lunedi;16/01/2023 12:05;on
1;Stove;Lunedi;16/01/2023 12:25;off
1;Dishwasher;Lunedi;16/01/2023 13:10;on
1;Dishwasher;Lunedi;16/01/2023 14:30;off
1;Window;Lunedi;16/01/2023 14:32;off
1;BathroomDoor;Lunedi;16/01/2023 14:35;on
1;HallTV;Lunedi;16/01/2023 15:10;on
1;HallTV;Lunedi;16/01/2023 16:10;off
1;BedroomLight;Lunedi;16/01/2023 17:10;on
1;Radiators;Lunedi;16/01/2023 17:25;on
1;BedroomLight;Lunedi;16/01/2023 19:10;off
1;KitchenLight;Lunedi;16/01/2023 19:15;on
1;Oven;Lunedi;16/01/2023 19:23;on
1;Oven;Lunedi;16/01/2023 19:55;off
1;KitchenLight;Lunedi;16/01/2023 20:25;off
1;BedroomTV;Lunedi;16/01/2023 21:05;on
1;Radiators;Lunedi;16/01/2023 21:45;off
1;PhoneRecharge;Lunedi;16/01/2023 22:05;on
1;BedroomTV;Lunedi;16/01/2023 22:30;off
2;Bell;Martedi;17/01/2023 00:00;on
2;HallDoor;Martedi;17/01/2023 00:00;off
2;WashingMachine;Martedi;17/01/2023 00:00;off
2;BathroomDoor;Martedi;17/01/2023 01:23;on
2;BathroomDoor;Martedi;17/01/2023 01:45;off
2;Bell;Martedi;17/01/2023 10:23;off
2;Window;Martedi;17/01/2023 10:56;on
2;HallDoor;Martedi;17/01/2023 11:00;on
2;HallTV;Martedi;17/01/2023 11:13;on
2;HallTV;Martedi;17/01/2023 11:10;off
2;Microwave;Martedi;17/01/2023 11:15;on
2;Stove;Martedi;17/01/2023 12:05;on
2;Stove;Martedi;17/01/2023 12:25;off
2;Dishwasher;Martedi;17/01/2023 13:10;on
2;Dishwasher;Martedi;17/01/2023 14:30;off
2;Window;Martedi;17/01/2023 14:32;off
2;BathroomDoor;Martedi;17/01/2023 14:35;on
2;HallTV;Martedi;17/01/2023 15:10;on
2;HallTV;Martedi;17/01/2023 16:10;off
2;BedroomLight;Martedi;17/01/2023 17:10;on
2;Radiators;Martedi;17/01/2023 17:25;on
2;BedroomLight;Martedi;17/01/2023 19:10;off
2;KitchenLight;Martedi;17/01/2023 19:15;on
2;Oven;Martedi;17/01/2023 19:23;on
2;Oven;Martedi;17/01/2023 19:55;off
2;KitchenLight;Martedi;17/01/2023 20:25;off
2;BedroomTV;Martedi;17/01/2023 21:05;on
2;Radiators;Martedi;17/01/2023 22:45;off
2;PhoneRecharge;Martedi;17/01/2023 22:50;on
2;BedroomTV;Martedi;17/01/2023 23:00;off
2;Fridge;Martedi;17/01/2023 23:34;off
3;Bell;Mercoledi;18/01/2023 00:00;on
3;HallDoor;Mercoledi;18/01/2023 00:00;off
3;WashingMachine;Mercoledi;18/01/2023 00:00;off
3;BathroomDoor;Mercoledi;18/01/2023 01:23;on
3;BathroomDoor;Mercoledi;18/01/2023 01:45;off
3;Stove;Mercoledi;18/01/2023 08:45;on
3;Stove;Mercoledi;18/01/2023 08:50;off
3;Bell;Mercoledi;18/01/2023 10:23;off
3;Window;Mercoledi;18/01/2023 10:56;on
3;HallDoor;Mercoledi;18/01/2023 11:00;on
3;Microwave;Mercoledi;18/01/2023 11:05;on
3;Stove;Mercoledi;18/01/2023 12:05;on
3;Stove;Mercoledi;18/01/2023 12:25;off
3;Dishwasher;Mercoledi;18/01/2023 13:10;on
3;Dishwasher;Mercoledi;18/01/2023 14:30;off
3;BathroomDoor;Mercoledi;18/01/2023 14:35;on
3;HallTV;Mercoledi;18/01/2023 15:10;on
3;Window;Mercoledi;18/01/2023 14:32;off
3;HallTV;Mercoledi;18/01/2023 16:10;off
3;BedroomLight;Mercoledi;18/01/2023 17:10;on
3;Radiators;Mercoledi;18/01/2023 17:25;on
3;BedroomLight;Mercoledi;18/01/2023 18:00;off
3;Stove;Mercoledi;18/01/2023 19:00;on
3;KitchenLight;Mercoledi;18/01/2023 19:15;on
3;Stove;Mercoledi;18/01/2023 19:00;off
3;Oven;Mercoledi;18/01/2023 19:23;on
3;Oven;Mercoledi;18/01/2023 19:55;off
3;KitchenLight;Mercoledi;18/01/2023 20:25;off
3;BedroomTV;Mercoledi;18/01/2023 21:05;on
3;Radiators;Mercoledi;18/01/2023 21:45;off
3;PhoneRecharge;Mercoledi;18/01/2023 22:05;on
3;BedroomTV;Mercoledi;18/01/2023 22:30;off
4;Bell;Giovedi;19/01/2023 00:00;on
4;HallDoor;Giovedi;19/01/2023 00:00;off
4;WashingMachine;Giovedi;19/01/2023 00:00;off
4;BathroomDoor;Giovedi;19/01/2023 01:23;on
4;BathroomDoor;Giovedi;19/01/2023 01:45;off
4;Stove;Giovedi;19/01/2023 08:45;on
4;Stove;Giovedi;19/01/2023 08:50;off
4;Bell;Giovedi;19/01/2023 10:23;off
4;Window;Giovedi;19/01/2023 10:56;on
4;HallDoor;Giovedi;19/01/2023 11:00;on
4;Microwave;Giovedi;19/01/2023 11:05;on
4;Stove;Giovedi;19/01/2023 12:05;on
4;Stove;Giovedi;19/01/2023 12:25;off
4;Dishwasher;Giovedi;19/01/2023 13:10;on
4;Dishwasher;Giovedi;19/01/2023 14:30;off
4;BathroomDoor;Giovedi;19/01/2023 14:35;on
4;HallTV;Giovedi;19/01/2023 15:10;on
4;Window;Giovedi;19/01/2023 14:32;off
4;Radiators;Giovedi;19/01/2023 15:20;on
4;HallTV;Giovedi;19/01/2023 16:10;off
4;BedroomLight;Giovedi;19/01/2023 17:10;on
4;Radiators;Giovedi;19/01/2023 17:25;on
4;BedroomLight;Giovedi;19/01/2023 18:00;off
4;Stove;Giovedi;19/01/2023 19:00;on
4;KitchenLight;Giovedi;19/01/2023 19:15;on
4;Stove;Giovedi;19/01/2023 19:00;off
4;Oven;Giovedi;19/01/2023 19:23;on
4;Oven;Giovedi;19/01/2023 19:55;off
4;Fridge;Giovedi;19/01/2023 20:19;on
4;Fridge;Giovedi;19/01/2023 20:21;off
4;KitchenLight;Giovedi;19/01/2023 20:25;off
4;BedroomTV;Giovedi;19/01/2023 21:05;on
4;Radiators;Giovedi;19/01/2023 21:45;off
4;PhoneRecharge;Giovedi;19/01/2023 22:05;on
4;BedroomTV;Giovedi;19/01/2023 23:30;off
4;BathroomDoor;Giovedi;19/01/2023 23:50;on
4;BathroomDoor;Giovedi;19/01/2023 23:53;off
5;Bell;Venerdi;20/01/2023 00:00;on
5;HallDoor;Venerdi;20/01/2023 00:00;off
5;WashingMachine;Venerdi;20/01/2023 00:00;off
5;BathroomDoor;Venerdi;20/01/2023 01:23;on
5;BathroomDoor;Venerdi;20/01/2023 01:45;off
5;Bell;Venerdi;20/01/2023 08:37;off
5;Stove;Venerdi;20/01/2023 08:45;on
5;Stove;Venerdi;20/01/2023 08:50;off
5;Computer;Venerdi;20/01/2023 09:50;on
5;BedroomTV;Venerdi;20/01/2023 09:55;on
5;Computer;Venerdi;20/01/2023 10:30;off
5;Window;Venerdi;20/01/2023 10:56;on
5;HallDoor;Venerdi;20/01/2023 11:00;on
5;Microwave;Venerdi;20/01/2023 11:05;on
5;Stove;Venerdi;20/01/2023 12:05;on
5;Stove;Venerdi;20/01/2023 12:25;off
5;Dishwasher;Venerdi;20/01/2023 13:10;on
5;Dishwasher;Venerdi;20/01/2023 14:30;off
5;BathroomDoor;Venerdi;20/01/2023 14:35;on
5;HallTV;Venerdi;20/01/2023 15:10;on
5;Window;Venerdi;20/01/2023 14:32;off
5;Radiators;Venerdi;20/01/2023 15:20;on
5;HallTV;Venerdi;20/01/2023 16:10;off
5;BedroomLight;Venerdi;20/01/2023 17:10;on
5;Radiators;Venerdi;20/01/2023 17:25;on
5;BedroomLight;Venerdi;20/01/2023 18:00;off
5;Stove;Venerdi;20/01/2023 19:00;on
5;KitchenLight;Venerdi;20/01/2023 19:15;on
5;Stove;Venerdi;20/01/2023 19:00;off
5;Oven;Venerdi;20/01/2023 19:23;on
5;Oven;Venerdi;20/01/2023 19:55;off
5;Fridge;Venerdi;20/01/2023 20:19;on
5;PhoneRecharge;Venerdi;20/01/2023 20:20;on
5;Fridge;Venerdi;20/01/2023 20:21;off
5;KitchenLight;Venerdi;20/01/2023 20:25;off
5;BedroomTV;Venerdi;20/01/2023 21:05;on
5;BedroomTV;Venerdi;20/01/2023 21:30;off
5;Radiators;Venerdi;20/01/2023 21:45;off
5;HallDoor;Venerdi;20/01/2023 22:05;on
5;HallDoor;Venerdi;20/01/2023 22:07;off
5;HallDoor;Venerdi;20/01/2023 23:50;on
5;HallDoor;Venerdi;20/01/2023 23:54;on
6;BathroomDoor;Sabato;21/01/2023 00:50;on
6;BathroomDoor;Sabato;21/01/2023 00:53;off
6;Bell;Sabato;21/01/2023 00:00;on
6;HallDoor;Sabato;21/01/2023 00:00;off
6;WashingMachine;Sabato;21/01/2023 00:00;off
6;BathroomDoor;Sabato;21/01/2023 01:23;on
6;BathroomDoor;Sabato;21/01/2023 01:45;off
6;Bell;Sabato;21/01/2023 08:37;off
6;Stove;Sabato;21/01/2023 08:45;on
6;Stove;Sabato;21/01/2023 08:50;off
6;Computer;Sabato;21/01/2023 09:50;on
6;BedroomTV;Sabato;21/01/2023 09:55;on
6;Computer;Sabato;21/01/2023 10:30;off
6;Window;Sabato;21/01/2023 10:56;on
6;HallDoor;Sabato;21/01/2023 11:00;on
6;Microwave;Sabato;21/01/2023 11:05;on
6;Stove;Sabato;21/01/2023 12:05;on
6;Stove;Sabato;21/01/2023 12:25;off
6;Dishwasher;Sabato;21/01/2023 13:10;on
6;Dishwasher;Sabato;21/01/2023 14:30;off
6;BathroomDoor;Sabato;21/01/2023 14:35;on
6;HallTV;Sabato;21/01/2023 15:10;on
6;Window;Sabato;21/01/2023 14:32;off
6;Radiators;Sabato;21/01/2023 15:20;on
6;HallTV;Sabato;21/01/2023 16:10;off
6;BedroomLight;Sabato;21/01/2023 17:10;on
6;Radiators;Sabato;21/01/2023 17:25;on
6;BedroomLight;Sabato;21/01/2023 18:00;off
6;Stove;Sabato;21/01/2023 19:00;on
6;KitchenLight;Sabato;21/01/2023 19:15;on
6;Stove;Sabato;21/01/2023 19:00;off
6;Oven;Sabato;21/01/2023 19:23;on
6;Oven;Sabato;21/01/2023 19:55;off
6;Fridge;Sabato;21/01/2023 20:19;on
6;PhoneRecharge;Sabato;21/01/2023 20:20;on
6;Fridge;Sabato;21/01/2023 20:21;off
6;KitchenLight;Sabato;21/01/2023 20:25;off
6;BedroomTV;Sabato;21/01/2023 21:05;on
6;BedroomTV;Sabato;21/01/2023 21:30;off
6;Radiators;Sabato;21/01/2023 21:45;off
6;HallDoor;Sabato;21/01/2023 22:05;on
6;HallDoor;Sabato;21/01/2023 22:07;off
6;HallDoor;Sabato;21/01/2023 23:50;on
6;HallDoor;Sabato;21/01/2023 23:54;on
7;BathroomDoor;Domenica;22/01/2023 00:50;on
7;BathroomDoor;Domenica;22/01/2023 00:53;off
7;Bell;Domenica;22/01/2023 00:00;on
7;HallDoor;Domenica;22/01/2023 00:00;off
7;WashingMachine;Domenica;22/01/2023 00:00;off
7;BathroomDoor;Domenica;22/01/2023 01:23;on
7;BathroomDoor;Domenica;22/01/2023 01:45;off
7;Bell;Domenica;22/01/2023 10:37;off
7;Stove;Domenica;22/01/2023 10:45;on
7;Stove;Domenica;22/01/2023 10:50;off
7;Computer;Domenica;22/01/2023 11:50;on
7;BedroomTV;Domenica;22/01/2023 11:55;on
7;Computer;Domenica;22/01/2023 12:30;off
7;Window;Domenica;22/01/2023 12:56;on
7;HallDoor;Domenica;22/01/2023 12:57;on
7;Stove;Domenica;22/01/2023 13:05;on
7;Stove;Domenica;22/01/2023 13:25;off
7;Dishwasher;Domenica;22/01/2023 14:10;on
7;Dishwasher;Domenica;22/01/2023 14:30;off
7;BathroomDoor;Domenica;22/01/2023 14:35;on
7;HallTV;Domenica;22/01/2023 15:10;on
7;Window;Domenica;22/01/2023 14:32;off
7;Radiators;Domenica;22/01/2023 15:20;on
7;HallTV;Domenica;22/01/2023 16:10;off
7;BedroomLight;Domenica;22/01/2023 17:10;on
7;Radiators;Domenica;22/01/2023 17:25;on
7;BedroomLight;Domenica;22/01/2023 18:00;off
7;Stove;Domenica;22/01/2023 19:00;on
7;KitchenLight;Domenica;22/01/2023 19:15;on
7;Stove;Domenica;22/01/2023 19:00;off
7;Oven;Domenica;22/01/2023 19:23;on
7;Oven;Domenica;22/01/2023 19:55;off
7;Fridge;Domenica;22/01/2023 20:19;on
7;PhoneRecharge;Domenica;22/01/2023 20:20;on
7;Fridge;Domenica;22/01/2023 20:21;off
7;KitchenLight;Domenica;22/01/2023 20:25;off
7;BedroomTV;Domenica;22/01/2023 21:05;on
7;BedroomTV;Domenica;22/01/2023 21:30;off
7;Radiators;Domenica;22/01/2023 21:45;off
7;HallDoor;Domenica;22/01/2023 22:05;on
7;HallDoor;Domenica;22/01/2023 22:07;off
7;HallDoor;Domenica;22/01/2023 23:50;on
7;HallDoor;Domenica;22/01/2023 23:54;on
8;Bell;Lunedi;23/01/2023 00:10;on
8;HallDoor;Lunedi;23/01/2023 00:12;off
8;WashingMachine;Lunedi;23/01/2023 00:15;off
8;Bell;Lunedi;23/01/2023 10:35;off
8;Window;Lunedi;23/01/2023 10:56;on
8;HallDoor;Lunedi;23/01/2023 11:00;on
8;Microwave;Lunedi;23/01/2023 11:05;on
8;Dishwasher;Lunedi;23/01/2023 13:10;on
8;Dishwasher;Lunedi;23/01/2023 14:30;off
8;Window;Lunedi;23/01/2023 14:32;off
8;Stove;Lunedi;23/01/2023 14:33;on
8;Stove;Lunedi;23/01/2023 14:34;off
8;BathroomDoor;Lunedi;23/01/2023 14:35;on
8;HallTV;Lunedi;23/01/2023 15:10;on
8;HallTV;Lunedi;23/01/2023 16:10;off
8;BedroomLight;Lunedi;23/01/2023 17:10;on
8;Radiators;Lunedi;23/01/2023 17:25;on
8;BedroomLight;Lunedi;23/01/2023 19:10;off
8;KitchenLight;Lunedi;23/01/2023 19:15;on
8;Oven;Lunedi;23/01/2023 19:23;on
8;Oven;Lunedi;23/01/2023 19:55;off
8;KitchenLight;Lunedi;23/01/2023 20:25;off
8;BedroomTV;Lunedi;23/01/2023 21:05;on
8;Radiators;Lunedi;23/01/2023 21:45;off
8;PhoneRecharge;Lunedi;23/01/2023 22:05;on
8;BedroomTV;Lunedi;23/01/2023 22:30;off
9;WashingMachine;Martedi;24/01/2023 00:00;off
9;BathroomDoor;Martedi;24/01/2023 01:23;on
9;BathroomDoor;Martedi;24/01/2023 01:45;off
9;Bell;Martedi;24/01/2023 10:23;on
9;Window;Martedi;24/01/2023 10:56;on
9;HallDoor;Martedi;24/01/2023 11:00;on
9;HallTV;Martedi;24/01/2023 11:13;on
9;HallTV;Martedi;24/01/2023 11:10;off
9;Microwave;Martedi;24/01/2023 11:15;on
9;Stove;Martedi;24/01/2023 12:05;on
9;Stove;Martedi;24/01/2023 12:25;off
9;Dishwasher;Martedi;24/01/2023 13:10;on
9;Dishwasher;Martedi;24/01/2023 14:30;off
9;Window;Martedi;24/01/2023 14:32;off
9;BathroomDoor;Martedi;24/01/2023 15:05;on
9;HallTV;Martedi;24/01/2023 15:10;on
9;HallTV;Martedi;24/01/2023 16:10;off
9;BedroomLight;Martedi;24/01/2023 17:10;on
9;BedroomLight;Martedi;24/01/2023 19:10;off
9;KitchenLight;Martedi;24/01/2023 19:15;on
9;Oven;Martedi;24/01/2023 19:23;on
9;Oven;Martedi;24/01/2023 19:55;off
9;KitchenLight;Martedi;24/01/2023 20:25;off
9;BedroomTV;Martedi;24/01/2023 21:05;on
9;PhoneRecharge;Martedi;24/01/2023 22:50;on
9;BedroomTV;Martedi;24/01/2023 23:00;off
9;Fridge;Martedi;24/01/2023 23:34;off
10;BathroomDoor;Mercoledi;25/01/2023 01:23;on
10;BathroomDoor;Mercoledi;25/01/2023 01:45;off
10;HallDoor;Mercoledi;25/01/2023 00:00;off
10;WashingMachine;Mercoledi;25/01/2023 00:00;off
10;Stove;Mercoledi;25/01/2023 08:45;on
10;Stove;Mercoledi;25/01/2023 08:50;off
10;Bell;Mercoledi;25/01/2023 10:23;off
10;Window;Mercoledi;25/01/2023 10:56;on
10;HallDoor;Mercoledi;25/01/2023 11:10;on
10;Microwave;Mercoledi;25/01/2023 11:15;on
10;Stove;Mercoledi;25/01/2023 12:15;on
10;Stove;Mercoledi;25/01/2023 13:05;off
10;Dishwasher;Mercoledi;25/01/2023 13:10;on
10;Dishwasher;Mercoledi;25/01/2023 14:30;off
10;HallTV;Mercoledi;25/01/2023 15:10;on
10;Window;Mercoledi;25/01/2023 14:32;off
10;HallTV;Mercoledi;25/01/2023 16:10;off
10;Radiators;Mercoledi;25/01/2023 17:25;on
10;Stove;Mercoledi;25/01/2023 19:00;on
10;KitchenLight;Mercoledi;25/01/2023 19:15;on
10;Stove;Mercoledi;25/01/2023 19:00;off
10;Oven;Mercoledi;25/01/2023 19:23;on
10;Oven;Mercoledi;25/01/2023 19:55;off
10;KitchenLight;Mercoledi;25/01/2023 20:25;off
10;BedroomTV;Mercoledi;25/01/2023 21:05;on
10;Radiators;Mercoledi;25/01/2023 21:45;off
10;PhoneRecharge;Mercoledi;25/01/2023 22:05;on
10;BedroomTV;Mercoledi;25/01/2023 22:30;on
11;Bell;Giovedi;26/01/2023 00:00;on
11;HallDoor;Giovedi;26/01/2023 00:00;off
11;WashingMachine;Giovedi;26/01/2023 00:00;off
11;BathroomDoor;Giovedi;26/01/2023 01:23;on
11;BathroomDoor;Giovedi;26/01/2023 01:45;off
11;Stove;Giovedi;26/01/2023 08:45;on
11;Stove;Giovedi;26/01/2023 09:50;off
11;Bell;Giovedi;26/01/2023 10:23;off
11;Window;Giovedi;26/01/2023 10:56;on
11;HallDoor;Giovedi;26/01/2023 11:00;on
11;Stove;Giovedi;26/01/2023 12:05;on
11;Stove;Giovedi;26/01/2023 12:25;off
11;Dishwasher;Giovedi;26/01/2023 13:10;on
11;BathroomDoor;Giovedi;26/01/2023 14:35;on
11;Dishwasher;Giovedi;26/01/2023 14:40;off
11;HallTV;Giovedi;26/01/2023 15:10;on
11;Window;Giovedi;26/01/2023 14:32;off
11;HallTV;Giovedi;26/01/2023 16:10;off
11;Radiators;Giovedi;26/01/2023 17:25;on
11;BedroomLight;Giovedi;26/01/2023 18:00;off
11;Stove;Giovedi;26/01/2023 19:00;on
11;KitchenLight;Giovedi;26/01/2023 19:15;on
11;Stove;Giovedi;26/01/2023 19:00;off
11;Oven;Giovedi;26/01/2023 19:23;on
11;Oven;Giovedi;26/01/2023 19:55;off
11;KitchenLight;Giovedi;26/01/2023 20:25;off
11;BedroomTV;Giovedi;26/01/2023 21:05;on
11;Radiators;Giovedi;26/01/2023 21:45;off
11;PhoneRecharge;Giovedi;26/01/2023 22:05;on
11;BedroomTV;Giovedi;26/01/2023 22:30;off
12;Bell;Venerdi;27/01/2023 01:00;on
12;HallDoor;Venerdi;27/01/2023 01:10;off
12;WashingMachine;Venerdi;27/01/2023 00:00;off
12;BathroomDoor;Venerdi;27/01/2023 01:23;on
12;BathroomDoor;Venerdi;27/01/2023 01:45;off
12;Bell;Venerdi;27/01/2023 08:37;off
12;Stove;Venerdi;27/01/2023 08:45;on
12;Stove;Venerdi;27/01/2023 08:50;off
12;Computer;Venerdi;27/01/2023 09:50;on
12;BedroomTV;Venerdi;27/01/2023 09:55;on
12;Computer;Venerdi;27/01/2023 10:30;off
12;Window;Venerdi;27/01/2023 10:56;on
12;HallDoor;Venerdi;27/01/2023 11:00;on
12;Microwave;Venerdi;27/01/2023 11:05;on
12;Stove;Venerdi;27/01/2023 12:05;on
12;Stove;Venerdi;27/01/2023 12:25;off
12;Dishwasher;Venerdi;27/01/2023 13:10;on
12;Dishwasher;Venerdi;27/01/2023 14:30;off
12;BathroomDoor;Venerdi;27/01/2023 14:35;on
12;HallTV;Venerdi;27/01/2023 15:10;on
12;Window;Venerdi;27/01/2023 14:32;off
12;Radiators;Venerdi;27/01/2023 15:20;on
12;HallTV;Venerdi;27/01/2023 16:10;off
12;BedroomLight;Venerdi;27/01/2023 17:10;on
12;Radiators;Venerdi;27/01/2023 17:15;on
12;BedroomLight;Venerdi;27/01/2023 18:00;off
12;Stove;Venerdi;27/01/2023 19:00;on
12;KitchenLight;Venerdi;27/01/2023 19:15;on
12;Stove;Venerdi;27/01/2023 19:00;off
12;Oven;Venerdi;27/01/2023 19:23;on
12;Oven;Venerdi;27/01/2023 19:55;off
12;Fridge;Venerdi;27/01/2023 20:19;on
12;PhoneRecharge;Venerdi;27/01/2023 20:20;on
12;Fridge;Venerdi;27/01/2023 20:21;off
12;KitchenLight;Venerdi;27/01/2023 20:25;off
12;BedroomTV;Venerdi;27/01/2023 21:05;on
12;BedroomTV;Venerdi;27/01/2023 21:30;off
12;Radiators;Venerdi;27/01/2023 21:40;off
12;HallDoor;Venerdi;27/01/2023 22:00;on
12;HallDoor;Venerdi;27/01/2023 22:02;off
12;HallDoor;Venerdi;27/01/2023 23:50;on
12;HallDoor;Venerdi;27/01/2023 23:54;on
13;BathroomDoor;Sabato;28/01/2023 00:50;on
13;BathroomDoor;Sabato;28/01/2023 00:53;off
13;Bell;Sabato;28/01/2023 00:00;on
13;HallDoor;Sabato;28/01/2023 00:00;off
13;WashingMachine;Sabato;28/01/2023 00:00;off
13;BathroomDoor;Sabato;28/01/2023 01:23;on
13;BathroomDoor;Sabato;28/01/2023 01:45;off
13;Bell;Sabato;28/01/2023 08:37;off
13;Stove;Sabato;28/01/2023 08:45;on
13;Stove;Sabato;28/01/2023 08:50;off
13;Computer;Sabato;28/01/2023 09:50;on
13;BedroomTV;Sabato;28/01/2023 09:55;on
13;Computer;Sabato;28/01/2023 10:30;off
13;Window;Sabato;28/01/2023 10:56;on
13;HallDoor;Sabato;28/01/2023 11:00;on
13;Microwave;Sabato;28/01/2023 11:05;on
13;Stove;Sabato;28/01/2023 12:05;on
13;Stove;Sabato;28/01/2023 12:25;off
13;Dishwasher;Sabato;28/01/2023 13:10;on
13;Dishwasher;Sabato;28/01/2023 14:30;off
13;BathroomDoor;Sabato;28/01/2023 14:35;on
13;HallTV;Sabato;28/01/2023 15:10;on
13;Window;Sabato;28/01/2023 14:32;off
13;Radiators;Sabato;28/01/2023 15:20;on
13;HallTV;Sabato;28/01/2023 16:10;off
13;BedroomLight;Sabato;28/01/2023 17:10;on
13;Radiators;Sabato;28/01/2023 17:25;on
13;BedroomLight;Sabato;28/01/2023 18:00;off
13;Computer;Sabato;28/01/2023 18:10;on
13;Computer;Sabato;28/01/2023 18:35;off
13;Stove;Sabato;28/01/2023 19:00;on
13;KitchenLight;Sabato;28/01/2023 19:15;on
13;Stove;Sabato;28/01/2023 19:00;off
13;Oven;Sabato;28/01/2023 19:23;on
13;Oven;Sabato;28/01/2023 19:55;off
13;Fridge;Sabato;28/01/2023 20:19;on
13;PhoneRecharge;Sabato;28/01/2023 20:20;on
13;Fridge;Sabato;28/01/2023 20:21;off
13;KitchenLight;Sabato;28/01/2023 20:25;off
13;BedroomTV;Sabato;28/01/2023 21:05;on
13;BedroomTV;Sabato;28/01/2023 21:30;off
13;Radiators;Sabato;28/01/2023 21:45;off
13;HallDoor;Sabato;28/01/2023 22:05;on
13;HallDoor;Sabato;28/01/2023 22:07;off
13;HallDoor;Sabato;28/01/2023 23:50;on
13;HallDoor;Sabato;28/01/2023 23:54;on
14;BathroomDoor;Domenica;29/01/2023 00:50;on
14;BathroomDoor;Domenica;29/01/2023 00:53;off
14;Bell;Domenica;29/01/2023 00:00;on
14;HallDoor;Domenica;29/01/2023 00:00;off
14;WashingMachine;Domenica;29/01/2023 00:00;off
14;BathroomDoor;Domenica;29/01/2023 01:23;on
14;BathroomDoor;Domenica;29/01/2023 01:45;off
14;Bell;Domenica;29/01/2023 10:37;off
14;Stove;Domenica;29/01/2023 10:45;on
14;Stove;Domenica;29/01/2023 10:50;off
14;Computer;Domenica;29/01/2023 11:50;on
14;BedroomTV;Domenica;29/01/2023 11:55;on
14;Computer;Domenica;29/01/2023 12:30;off
14;Window;Domenica;29/01/2023 12:56;on
14;HallDoor;Domenica;29/01/2023 12:57;on
14;Stove;Domenica;29/01/2023 13:05;on
14;Stove;Domenica;29/01/2023 13:25;off
14;Dishwasher;Domenica;29/01/2023 14:10;on
14;Dishwasher;Domenica;29/01/2023 14:30;off
14;BathroomDoor;Domenica;29/01/2023 14:35;on
14;HallTV;Domenica;29/01/2023 15:10;on
14;Window;Domenica;29/01/2023 14:32;off
14;Radiators;Domenica;29/01/2023 15:20;on
14;HallTV;Domenica;29/01/2023 16:10;off
14;BedroomLight;Domenica;29/01/2023 17:10;on
14;Radiators;Domenica;29/01/2023 17:25;off
14;BedroomLight;Domenica;29/01/2023 18:00;off
14;Stove;Domenica;29/01/2023 19:00;on
14;KitchenLight;Domenica;29/01/2023 19:15;on
14;Stove;Domenica;29/01/2023 19:00;off
14;Oven;Domenica;29/01/2023 19:23;on
14;Oven;Domenica;29/01/2023 19:55;off
14;Fridge;Domenica;29/01/2023 20:19;on
14;PhoneRecharge;Domenica;29/01/2023 20:20;on
14;Fridge;Domenica;29/01/2023 20:21;off
14;KitchenLight;Domenica;29/01/2023 20:25;off
14;BedroomTV;Domenica;29/01/2023 21:05;on
14;BedroomTV;Domenica;29/01/2023 21:30;off
14;Radiators;Domenica;29/01/2023 21:45;off
14;HallDoor;Domenica;29/01/2023 22:05;on
14;HallDoor;Domenica;29/01/2023 22:07;off
14;HallDoor;Domenica;29/01/2023 23:30;on
14;HallDoor;Domenica;29/01/2023 23:31;on
15;HallDoor;Lunedi;30/01/2023 00:12;off
15;WashingMachine;Lunedi;30/01/2023 00:15;off
15;Window;Lunedi;30/01/2023 10:56;on
15;HallDoor;Lunedi;30/01/2023 11:00;on
15;Microwave;Lunedi;30/01/2023 11:05;on
15;Dishwasher;Lunedi;30/01/2023 13:10;on
15;Dishwasher;Lunedi;30/01/2023 14:30;off
15;Stove;Lunedi;30/01/2023 14:33;on
15;Stove;Lunedi;30/01/2023 14:34;off
15;BathroomDoor;Lunedi;30/01/2023 14:57;on
15;HallTV;Lunedi;30/01/2023 15:10;on
15;HallTV;Lunedi;30/01/2023 16:10;off
15;BedroomLight;Lunedi;30/01/2023 17:10;on
15;Radiators;Lunedi;30/01/2023 17:25;on
15;Window;Lunedi;30/01/2023 17:32;off
15;BedroomLight;Lunedi;30/01/2023 19:10;off
15;KitchenLight;Lunedi;30/01/2023 19:15;on
15;Oven;Lunedi;30/01/2023 19:23;on
15;Oven;Lunedi;30/01/2023 19:55;off
15;KitchenLight;Lunedi;30/01/2023 20:51;off
15;BedroomTV;Lunedi;30/01/2023 21:05;on
15;Radiators;Lunedi;30/01/2023 21:45;off
15;PhoneRecharge;Lunedi;30/01/2023 22:05;on
15;BedroomTV;Lunedi;30/01/2023 22:30;off
15;BathroomDoor;Lunedi;30/01/2023 23:23;on
15;BathroomDoor;Lunedi;30/01/2023 23:24;off
16;WashingMachine;Martedi;31/01/2023 00:00;off
16;Bell;Martedi;31/01/2023 08:23;on
16;Window;Martedi;31/01/2023 10:56;on
16;HallDoor;Martedi;31/01/2023 11:00;on
16;HallTV;Martedi;31/01/2023 11:13;on
16;HallTV;Martedi;31/01/2023 11:10;off
16;Stove;Martedi;31/01/2023 12:05;on
16;Dishwasher;Martedi;31/01/2023 13:10;on
16;Stove;Martedi;31/01/2023 13:15;off
16;Dishwasher;Martedi;31/01/2023 14:30;off
16;Window;Martedi;31/01/2023 14:32;off
16;BathroomDoor;Martedi;31/01/2023 15:05;on
16;HallTV;Martedi;31/01/2023 15:10;on
16;HallTV;Martedi;31/01/2023 16:10;off
16;BedroomLight;Martedi;31/01/2023 17:10;on
16;BedroomLight;Martedi;31/01/2023 19:10;off
16;KitchenLight;Martedi;31/01/2023 19:15;on
16;Fridge;Martedi;01/02/2023 05:16;on
16;KitchenLight;Martedi;31/01/2023 20:25;off
16;BedroomTV;Martedi;31/01/2023 21:05;on
16;PhoneRecharge;Martedi;31/01/2023 22:50;on
16;BedroomTV;Martedi;31/01/2023 23:00;off
17;BathroomDoor;Mercoledi;01/02/2023 01:23;on
17;BathroomDoor;Mercoledi;01/02/2023 01:45;off
17;HallDoor;Mercoledi;01/02/2023 00:00;off
17;WashingMachine;Mercoledi;01/02/2023 00:00;off
17;Stove;Mercoledi;01/02/2023 08:45;on
17;Stove;Mercoledi;01/02/2023 08:50;off
17;Bell;Mercoledi;01/02/2023 10:23;off
17;Window;Mercoledi;01/02/2023 10:56;on
17;HallDoor;Mercoledi;01/02/2023 11:10;on
17;Microwave;Mercoledi;01/02/2023 11:15;on
17;Stove;Mercoledi;01/02/2023 12:15;on
17;Stove;Mercoledi;01/02/2023 13:05;off
17;Dishwasher;Mercoledi;01/02/2023 13:10;on
17;Dishwasher;Mercoledi;01/02/2023 14:30;off
17;HallTV;Mercoledi;01/02/2023 15:10;on
17;Window;Mercoledi;01/02/2023 14:32;off
17;HallTV;Mercoledi;01/02/2023 16:10;off
17;Radiators;Mercoledi;01/02/2023 17:25;on
17;Stove;Mercoledi;01/02/2023 19:00;on
17;KitchenLight;Mercoledi;01/02/2023 19:15;on
17;Stove;Mercoledi;01/02/2023 19:00;off
17;Oven;Mercoledi;01/02/2023 19:23;on
17;Oven;Mercoledi;01/02/2023 19:55;off
17;KitchenLight;Mercoledi;01/02/2023 20:25;off
17;BedroomTV;Mercoledi;01/02/2023 21:05;on
17;Radiators;Mercoledi;01/02/2023 21:45;off
17;PhoneRecharge;Mercoledi;01/02/2023 22:05;on
17;BedroomTV;Mercoledi;01/02/2023 22:30;on
18;BathroomDoor;Giovedi;02/02/2023 02:25;on
18;BathroomDoor;Giovedi;02/02/2023 02:35;off
18;Stove;Giovedi;02/02/2023 08:45;on
18;Stove;Giovedi;02/02/2023 09:50;off
18;Bell;Giovedi;02/02/2023 10:23;off
18;HallDoor;Giovedi;02/02/2023 11:00;on
18;Stove;Giovedi;02/02/2023 12:05;on
18;Stove;Giovedi;02/02/2023 12:25;off
18;Dishwasher;Giovedi;02/02/2023 13:10;on
18;BathroomDoor;Giovedi;02/02/2023 14:35;on
18;Dishwasher;Giovedi;02/02/2023 14:40;off
18;HallTV;Giovedi;02/02/2023 15:10;on
18;HallTV;Giovedi;02/02/2023 16:10;off
18;Radiators;Giovedi;02/02/2023 17:25;on
18;BedroomLight;Giovedi;02/02/2023 18:00;off
18;Stove;Giovedi;02/02/2023 19:00;on
18;KitchenLight;Giovedi;02/02/2023 19:15;on
18;Stove;Giovedi;02/02/2023 19:00;off
18;Oven;Giovedi;02/02/2023 19:23;on
18;Oven;Giovedi;02/02/2023 19:55;off
18;KitchenLight;Giovedi;02/02/2023 20:25;off
18;BedroomTV;Giovedi;02/02/2023 21:05;on
18;Radiators;Giovedi;02/02/2023 21:45;off
18;PhoneRecharge;Giovedi;02/02/2023 22:05;on
18;BedroomTV;Giovedi;02/02/2023 22:30;off
19;Bell;Venerdi;03/02/2023 01:00;on
19;HallDoor;Venerdi;03/02/2023 01:10;off
19;WashingMachine;Venerdi;03/02/2023 00:00;off
19;BathroomDoor;Venerdi;03/02/2023 01:23;on
19;BathroomDoor;Venerdi;03/02/2023 01:45;off
19;Bell;Venerdi;03/02/2023 08:37;off
19;Stove;Venerdi;03/02/2023 08:45;on
19;Stove;Venerdi;03/02/2023 08:50;off
19;Computer;Venerdi;03/02/2023 09:50;on
19;BedroomTV;Venerdi;03/02/2023 09:55;on
19;Fridge;Venerdi;03/02/2023 09:57;on
19;Fridge;Venerdi;03/02/2023 09:59;off
19;Computer;Venerdi;03/02/2023 10:30;off
19;Window;Venerdi;03/02/2023 10:56;on
19;HallDoor;Venerdi;03/02/2023 11:00;on
19;Microwave;Venerdi;03/02/2023 11:05;on
19;Stove;Venerdi;03/02/2023 12:05;on
19;Stove;Venerdi;03/02/2023 12:25;off
19;Dishwasher;Venerdi;03/02/2023 13:10;on
19;Dishwasher;Venerdi;03/02/2023 14:30;off
19;BathroomDoor;Venerdi;03/02/2023 14:35;on
19;HallTV;Venerdi;03/02/2023 15:10;on
19;Window;Venerdi;03/02/2023 14:32;off
19;Radiators;Venerdi;03/02/2023 15:20;on
19;HallTV;Venerdi;03/02/2023 16:10;off
19;BedroomLight;Venerdi;03/02/2023 17:10;on
19;Radiators;Venerdi;03/02/2023 17:15;on
19;BedroomLight;Venerdi;03/02/2023 18:00;off
19;Stove;Venerdi;03/02/2023 19:00;on
19;KitchenLight;Venerdi;03/02/2023 19:15;on
19;Stove;Venerdi;03/02/2023 19:00;off
19;Oven;Venerdi;03/02/2023 19:23;on
19;Oven;Venerdi;03/02/2023 19:55;off
19;Fridge;Venerdi;03/02/2023 20:19;on
19;PhoneRecharge;Venerdi;03/02/2023 20:20;on
19;Fridge;Venerdi;03/02/2023 20:21;off
19;KitchenLight;Venerdi;03/02/2023 20:25;off
19;BedroomTV;Venerdi;03/02/2023 21:05;on
19;BedroomTV;Venerdi;03/02/2023 21:30;off
19;Radiators;Venerdi;03/02/2023 21:40;off
19;HallDoor;Venerdi;03/02/2023 22:00;on
19;HallDoor;Venerdi;03/02/2023 22:02;off
19;HallDoor;Venerdi;03/02/2023 23:50;on
19;HallDoor;Venerdi;03/02/2023 23:54;on
20;BathroomDoor;Sabato;04/02/2023 00:50;on
20;BathroomDoor;Sabato;04/02/2023 00:53;off
20;Bell;Sabato;04/02/2023 00:00;on
20;HallDoor;Sabato;04/02/2023 00:00;off
20;WashingMachine;Sabato;04/02/2023 00:00;off
20;BathroomDoor;Sabato;04/02/2023 01:23;on
20;BathroomDoor;Sabato;04/02/2023 01:45;off
20;Bell;Sabato;04/02/2023 08:37;off
20;Stove;Sabato;04/02/2023 08:45;on
20;Stove;Sabato;04/02/2023 08:50;off
20;Computer;Sabato;04/02/2023 09:50;on
20;BedroomTV;Sabato;04/02/2023 09:55;on
20;Computer;Sabato;04/02/2023 10:30;off
20;Window;Sabato;04/02/2023 10:56;on
20;HallDoor;Sabato;04/02/2023 11:00;on
20;Microwave;Sabato;04/02/2023 11:05;on
20;Stove;Sabato;04/02/2023 12:05;on
20;Stove;Sabato;04/02/2023 12:25;off
20;Dishwasher;Sabato;04/02/2023 13:10;on
20;Dishwasher;Sabato;04/02/2023 14:30;off
20;BathroomDoor;Sabato;04/02/2023 14:35;on
20;HallTV;Sabato;04/02/2023 15:10;on
20;Window;Sabato;04/02/2023 14:32;off
20;Radiators;Sabato;04/02/2023 15:10;on
20;HallTV;Sabato;04/02/2023 16:10;off
20;BedroomLight;Sabato;04/02/2023 17:10;on
20;Radiators;Sabato;04/02/2023 17:25;on
20;BedroomLight;Sabato;04/02/2023 18:00;off
20;Computer;Sabato;04/02/2023 18:10;on
20;Computer;Sabato;04/02/2023 18:35;off
20;Stove;Sabato;04/02/2023 19:00;on
20;KitchenLight;Sabato;04/02/2023 19:15;on
20;Stove;Sabato;04/02/2023 19:00;off
20;Oven;Sabato;04/02/2023 19:23;on
20;Oven;Sabato;04/02/2023 19:55;off
20;Fridge;Sabato;04/02/2023 20:19;on
20;PhoneRecharge;Sabato;04/02/2023 20:20;on
20;Fridge;Sabato;04/02/2023 20:21;off
20;KitchenLight;Sabato;04/02/2023 20:25;off
20;BedroomTV;Sabato;04/02/2023 21:05;on
20;BedroomTV;Sabato;04/02/2023 21:30;off
20;Radiators;Sabato;04/02/2023 21:45;off
20;HallDoor;Sabato;04/02/2023 22:05;on
20;HallDoor;Sabato;04/02/2023 22:07;off
20;HallDoor;Sabato;04/02/2023 23:50;on
20;HallDoor;Sabato;04/02/2023 23:54;on
21;BathroomDoor;Domenica;05/02/2023 00:50;on
21;BathroomDoor;Domenica;05/02/2023 00:53;off
21;Bell;Domenica;05/02/2023 00:00;on
21;HallDoor;Domenica;05/02/2023 00:00;off
21;WashingMachine;Domenica;05/02/2023 00:00;off
21;BathroomDoor;Domenica;05/02/2023 01:23;on
21;BathroomDoor;Domenica;05/02/2023 01:45;off
21;Bell;Domenica;05/02/2023 10:37;off
21;Stove;Domenica;05/02/2023 10:45;on
21;Stove;Domenica;05/02/2023 10:50;off
21;Computer;Domenica;05/02/2023 11:50;on
21;BedroomTV;Domenica;05/02/2023 11:55;on
21;Computer;Domenica;05/02/2023 12:30;off
21;Window;Domenica;05/02/2023 12:56;on
21;HallDoor;Domenica;05/02/2023 12:57;on
21;Stove;Domenica;05/02/2023 13:05;on
21;Stove;Domenica;05/02/2023 13:25;off
21;Dishwasher;Domenica;05/02/2023 14:10;on
21;Dishwasher;Domenica;05/02/2023 14:30;off
21;BathroomDoor;Domenica;05/02/2023 14:35;on
21;HallTV;Domenica;05/02/2023 15:10;on
21;Window;Domenica;05/02/2023 14:32;off
21;Radiators;Domenica;05/02/2023 15:20;on
21;HallTV;Domenica;05/02/2023 16:10;off
21;BedroomLight;Domenica;05/02/2023 17:10;on
21;Radiators;Domenica;05/02/2023 17:25;off
21;BedroomLight;Domenica;05/02/2023 18:00;off
21;Stove;Domenica;05/02/2023 19:00;on
21;KitchenLight;Domenica;05/02/2023 19:15;on
21;Stove;Domenica;05/02/2023 19:00;off
21;Oven;Domenica;05/02/2023 19:23;on
21;Oven;Domenica;05/02/2023 19:55;off
21;Fridge;Domenica;05/02/2023 20:19;on
21;PhoneRecharge;Domenica;05/02/2023 20:20;on
21;Fridge;Domenica;05/02/2023 20:21;off
21;KitchenLight;Domenica;05/02/2023 20:25;off
21;BedroomTV;Domenica;05/02/2023 21:05;on
21;BedroomTV;Domenica;05/02/2023 21:30;off
21;Radiators;Domenica;05/02/2023 21:45;off
21;HallDoor;Domenica;05/02/2023 22:05;on
21;HallDoor;Domenica;05/02/2023 22:07;off
21;HallDoor;Domenica;05/02/2023 23:30;on
21;HallDoor;Domenica;05/02/2023 23:31;on
21;BedroomTV;Domenica;05/02/2023 23:50;on
22;BedroomTV;Lunedi;06/02/2023 00:35;off
22;HallDoor;Lunedi;06/02/2023 00:46;off
22;WashingMachine;Lunedi;06/02/2023 00:50;off
22;Window;Lunedi;06/02/2023 10:56;on
22;HallDoor;Lunedi;06/02/2023 11:00;on
22;Microwave;Lunedi;06/02/2023 11:05;on
22;Dishwasher;Lunedi;06/02/2023 13:10;on
22;Dishwasher;Lunedi;06/02/2023 14:30;off
22;Stove;Lunedi;06/02/2023 14:33;on
22;Stove;Lunedi;06/02/2023 14:34;off
22;BathroomDoor;Lunedi;06/02/2023 14:57;on
22;HallTV;Lunedi;06/02/2023 15:10;on
22;HallTV;Lunedi;06/02/2023 16:10;off
22;BedroomLight;Lunedi;06/02/2023 17:10;on
22;Radiators;Lunedi;06/02/2023 17:25;on
22;Window;Lunedi;06/02/2023 17:32;off
22;BedroomLight;Lunedi;06/02/2023 19:10;off
22;KitchenLight;Lunedi;06/02/2023 19:15;on
22;Oven;Lunedi;06/02/2023 19:23;on
22;Oven;Lunedi;06/02/2023 19:55;off
22;KitchenLight;Lunedi;06/02/2023 20:51;off
22;BedroomTV;Lunedi;06/02/2023 21:05;on
22;Radiators;Lunedi;06/02/2023 21:45;off
22;PhoneRecharge;Lunedi;06/02/2023 22:05;on
22;BedroomTV;Lunedi;06/02/2023 22:30;off
22;BathroomDoor;Lunedi;06/02/2023 23:23;on
22;WashingMachine;Lunedi;06/02/2023 23:40;on
22;BathroomDoor;Lunedi;06/02/2023 23:24;off
23;WashingMachine;Martedi;07/02/2023 00:00;off
23;BathroomDoor;Martedi;07/02/2023 01:23;on
23;BathroomDoor;Martedi;07/02/2023 01:45;off
23;Bell;Martedi;07/02/2023 10:23;on
23;Window;Martedi;07/02/2023 10:56;on
23;HallDoor;Martedi;07/02/2023 11:00;on
23;HallTV;Martedi;07/02/2023 11:13;on
23;HallTV;Martedi;07/02/2023 11:10;off
23;Microwave;Martedi;07/02/2023 11:15;on
23;Stove;Martedi;07/02/2023 12:05;on
23;Stove;Martedi;07/02/2023 12:25;off
23;Dishwasher;Martedi;07/02/2023 13:10;on
23;Dishwasher;Martedi;07/02/2023 14:30;off
23;Window;Martedi;07/02/2023 14:32;off
23;BathroomDoor;Martedi;07/02/2023 15:05;on
23;HallTV;Martedi;07/02/2023 15:10;on
23;HallTV;Martedi;07/02/2023 16:10;off
23;BedroomLight;Martedi;07/02/2023 17:10;on
23;BedroomLight;Martedi;07/02/2023 19:10;off
23;KitchenLight;Martedi;07/02/2023 19:15;on
23;Oven;Martedi;07/02/2023 19:23;on
23;Oven;Martedi;07/02/2023 19:55;off
23;KitchenLight;Martedi;07/02/2023 20:25;off
23;BedroomTV;Martedi;07/02/2023 21:05;on
23;PhoneRecharge;Martedi;07/02/2023 22:50;on
23;BedroomTV;Martedi;07/02/2023 23:00;off
23;Fridge;Martedi;07/02/2023 23:34;off
24;BathroomDoor;Mercoledi;08/02/2023 01:23;on
24;BathroomDoor;Mercoledi;08/02/2023 01:45;off
24;HallDoor;Mercoledi;08/02/2023 00:00;off
24;WashingMachine;Mercoledi;08/02/2023 00:00;off
24;Stove;Mercoledi;08/02/2023 08:45;on
24;Stove;Mercoledi;08/02/2023 08:50;off
24;Bell;Mercoledi;08/02/2023 10:23;off
24;Window;Mercoledi;08/02/2023 10:56;on
24;HallDoor;Mercoledi;08/02/2023 11:10;on
24;Microwave;Mercoledi;08/02/2023 11:15;on
24;Stove;Mercoledi;08/02/2023 12:15;on
24;Stove;Mercoledi;08/02/2023 13:05;off
24;Dishwasher;Mercoledi;08/02/2023 13:10;on
24;HallTV;Mercoledi;08/02/2023 15:10;on
24;Window;Mercoledi;08/02/2023 15:32;off
24;Dishwasher;Mercoledi;08/02/2023 15:40;off
24;HallTV;Mercoledi;08/02/2023 16:10;off
24;Radiators;Mercoledi;08/02/2023 17:25;on
24;Stove;Mercoledi;08/02/2023 19:00;on
24;BedroomTV;Mercoledi;08/02/2023 21:05;on
24;Radiators;Mercoledi;08/02/2023 21:45;off
24;PhoneRecharge;Mercoledi;08/02/2023 22:05;on
24;BedroomTV;Mercoledi;08/02/2023 22:30;on
25;Bell;Giovedi;09/02/2023 00:00;on
25;HallDoor;Giovedi;09/02/2023 00:00;off
25;WashingMachine;Giovedi;09/02/2023 00:00;off
25;BathroomDoor;Giovedi;09/02/2023 01:23;on
25;BathroomDoor;Giovedi;09/02/2023 01:45;off
25;Stove;Giovedi;09/02/2023 08:45;on
25;Stove;Giovedi;09/02/2023 09:50;off
25;Bell;Giovedi;09/02/2023 10:23;off
25;Window;Giovedi;09/02/2023 10:56;on
25;HallDoor;Giovedi;09/02/2023 11:00;on
25;Stove;Giovedi;09/02/2023 12:05;on
25;Stove;Giovedi;09/02/2023 12:25;off
25;Dishwasher;Giovedi;09/02/2023 13:10;on
25;BathroomDoor;Giovedi;09/02/2023 14:35;on
25;Dishwasher;Giovedi;09/02/2023 14:40;off
25;HallTV;Giovedi;09/02/2023 15:10;on
25;Window;Giovedi;09/02/2023 14:32;off
25;HallTV;Giovedi;09/02/2023 16:10;off
25;Radiators;Giovedi;09/02/2023 17:25;on
25;BedroomLight;Giovedi;09/02/2023 18:00;off
25;Stove;Giovedi;09/02/2023 19:00;on
25;KitchenLight;Giovedi;09/02/2023 19:15;on
25;Stove;Giovedi;09/02/2023 19:00;off
25;Oven;Giovedi;09/02/2023 19:23;on
25;Oven;Giovedi;09/02/2023 19:55;off
25;KitchenLight;Giovedi;09/02/2023 20:25;off
25;BedroomTV;Giovedi;09/02/2023 21:05;on
25;Radiators;Giovedi;09/02/2023 21:45;off
25;PhoneRecharge;Giovedi;09/02/2023 22:05;on
25;BedroomTV;Giovedi;09/02/2023 22:30;off
26;Bell;Venerdi;10/02/2023 01:00;on
26;HallDoor;Venerdi;10/02/2023 01:10;off
26;WashingMachine;Venerdi;10/02/2023 00:00;off
26;BathroomDoor;Venerdi;10/02/2023 01:23;on
26;BathroomDoor;Venerdi;10/02/2023 01:45;off
26;Bell;Venerdi;10/02/2023 08:37;off
26;Stove;Venerdi;10/02/2023 08:45;on
26;Stove;Venerdi;10/02/2023 08:50;off
26;Computer;Venerdi;10/02/2023 09:50;on
26;BedroomTV;Venerdi;10/02/2023 09:55;on
26;Fridge;Venerdi;10/02/2023 10:01;on
26;Fridge;Venerdi;10/02/2023 10:15;off
26;Computer;Venerdi;10/02/2023 10:30;off
26;Window;Venerdi;10/02/2023 10:56;on
26;HallDoor;Venerdi;10/02/2023 11:00;on
26;Microwave;Venerdi;10/02/2023 11:05;on
26;Stove;Venerdi;10/02/2023 12:05;on
26;Stove;Venerdi;10/02/2023 12:25;off
26;Dishwasher;Venerdi;10/02/2023 13:10;on
26;Dishwasher;Venerdi;10/02/2023 14:30;off
26;BathroomDoor;Venerdi;10/02/2023 14:35;on
26;HallTV;Venerdi;10/02/2023 15:10;on
26;Window;Venerdi;10/02/2023 14:32;off
26;Radiators;Venerdi;10/02/2023 15:20;on
26;HallTV;Venerdi;10/02/2023 16:10;off
26;BedroomLight;Venerdi;10/02/2023 17:10;on
26;Radiators;Venerdi;10/02/2023 17:15;on
26;BedroomLight;Venerdi;10/02/2023 18:00;off
26;Stove;Venerdi;10/02/2023 19:00;on
26;KitchenLight;Venerdi;10/02/2023 19:15;on
26;Stove;Venerdi;10/02/2023 19:00;off
26;Oven;Venerdi;10/02/2023 19:23;on
26;Oven;Venerdi;10/02/2023 19:55;off
26;Fridge;Venerdi;10/02/2023 20:19;on
26;PhoneRecharge;Venerdi;10/02/2023 20:20;on
26;Fridge;Venerdi;10/02/2023 20:21;off
26;KitchenLight;Venerdi;10/02/2023 20:25;off
26;BedroomTV;Venerdi;10/02/2023 21:05;on
26;BedroomTV;Venerdi;10/02/2023 21:30;off
26;Radiators;Venerdi;10/02/2023 21:40;off
26;HallDoor;Venerdi;10/02/2023 22:00;on
26;HallDoor;Venerdi;10/02/2023 22:02;off
26;HallDoor;Venerdi;10/02/2023 23:50;on
26;HallDoor;Venerdi;10/02/2023 23:54;on
26;BedroomLight;Venerdi;10/02/2023 23:57;on
26;BedroomLight;Venerdi;10/02/2023 23:59;off
27;BathroomDoor;Sabato;11/02/2023 00:50;on
27;BathroomDoor;Sabato;11/02/2023 00:53;off
27;Bell;Sabato;11/02/2023 00:00;on
27;HallDoor;Sabato;11/02/2023 00:00;off
27;WashingMachine;Sabato;11/02/2023 00:00;off
27;BathroomDoor;Sabato;11/02/2023 01:23;on
27;BathroomDoor;Sabato;11/02/2023 01:45;off
27;Bell;Sabato;11/02/2023 08:37;off
27;Stove;Sabato;11/02/2023 08:45;on
27;Stove;Sabato;11/02/2023 08:50;off
27;Computer;Sabato;11/02/2023 09:50;on
27;BedroomTV;Sabato;11/02/2023 09:55;on
27;Computer;Sabato;11/02/2023 10:30;off
27;Window;Sabato;11/02/2023 10:56;on
27;HallDoor;Sabato;11/02/2023 11:00;on
27;Microwave;Sabato;11/02/2023 11:05;on
27;Stove;Sabato;11/02/2023 12:05;on
27;Stove;Sabato;11/02/2023 12:25;off
27;Dishwasher;Sabato;11/02/2023 13:10;on
27;Dishwasher;Sabato;11/02/2023 14:30;off
27;BathroomDoor;Sabato;11/02/2023 14:35;on
27;HallTV;Sabato;11/02/2023 15:10;on
27;Window;Sabato;11/02/2023 14:32;off
27;Radiators;Sabato;11/02/2023 15:10;on
27;HallTV;Sabato;11/02/2023 16:10;off
27;BedroomLight;Sabato;11/02/2023 17:10;on
27;Radiators;Sabato;11/02/2023 17:25;on
27;BedroomLight;Sabato;11/02/2023 18:00;off
27;Computer;Sabato;11/02/2023 18:10;on
27;Computer;Sabato;11/02/2023 18:35;off
27;Stove;Sabato;11/02/2023 19:00;on
27;KitchenLight;Sabato;11/02/2023 19:15;on
27;Stove;Sabato;11/02/2023 19:00;off
27;Oven;Sabato;11/02/2023 19:23;on
27;Oven;Sabato;11/02/2023 19:55;off
27;Fridge;Sabato;11/02/2023 20:19;on
27;PhoneRecharge;Sabato;11/02/2023 20:20;on
27;Fridge;Sabato;11/02/2023 20:21;off
27;KitchenLight;Sabato;11/02/2023 20:25;off
27;BedroomTV;Sabato;11/02/2023 21:05;on
27;BedroomTV;Sabato;11/02/2023 21:30;off
27;Radiators;Sabato;11/02/2023 21:45;off
27;HallDoor;Sabato;11/02/2023 22:05;on
27;HallDoor;Sabato;11/02/2023 22:07;off
27;HallDoor;Sabato;11/02/2023 23:50;on
27;HallDoor;Sabato;11/02/2023 23:54;on
28;BathroomDoor;Domenica;12/02/2023 00:50;on
28;BathroomDoor;Domenica;12/02/2023 00:53;off
28;Bell;Domenica;12/02/2023 00:00;on
28;HallDoor;Domenica;12/02/2023 00:00;off
28;WashingMachine;Domenica;12/02/2023 00:00;off
28;BathroomDoor;Domenica;12/02/2023 01:23;on
28;BathroomDoor;Domenica;12/02/2023 01:45;off
28;Bell;Domenica;12/02/2023 10:37;off
28;Stove;Domenica;12/02/2023 10:45;on
28;Stove;Domenica;12/02/2023 10:50;off
28;Computer;Domenica;12/02/2023 11:50;on
28;BedroomTV;Domenica;12/02/2023 11:55;on
28;Computer;Domenica;12/02/2023 12:30;off
28;Window;Domenica;12/02/2023 12:56;on
28;HallDoor;Domenica;12/02/2023 12:57;on
28;Stove;Domenica;12/02/2023 13:05;on
28;Stove;Domenica;12/02/2023 13:25;off
28;Dishwasher;Domenica;12/02/2023 14:10;on
28;Dishwasher;Domenica;12/02/2023 14:30;off
28;BathroomDoor;Domenica;12/02/2023 14:35;on
28;HallTV;Domenica;12/02/2023 15:10;on
28;Window;Domenica;12/02/2023 14:32;off
28;Radiators;Domenica;12/02/2023 15:20;on
28;HallTV;Domenica;12/02/2023 16:10;off
28;BedroomLight;Domenica;12/02/2023 17:10;on
28;Radiators;Domenica;12/02/2023 17:25;off
28;BedroomLight;Domenica;12/02/2023 18:00;off
28;Stove;Domenica;12/02/2023 19:00;on
28;KitchenLight;Domenica;12/02/2023 19:15;on
28;Stove;Domenica;12/02/2023 19:00;off
28;Oven;Domenica;12/02/2023 19:23;on
28;Oven;Domenica;12/02/2023 19:55;off
28;Fridge;Domenica;12/02/2023 20:10;on
28;Fridge;Domenica;12/02/2023 20:12;off
28;PhoneRecharge;Domenica;12/02/2023 20:15;on
28;Fridge;Domenica;12/02/2023 20:21;off
28;KitchenLight;Domenica;12/02/2023 20:25;off
28;BedroomTV;Domenica;12/02/2023 21:05;on
28;BedroomTV;Domenica;12/02/2023 21:30;off
28;Radiators;Domenica;12/02/2023 21:45;off
28;HallDoor;Domenica;12/02/2023 22:05;on
28;HallDoor;Domenica;12/02/2023 22:07;off
28;HallDoor;Domenica;12/02/2023 23:30;on
28;HallDoor;Domenica;12/02/2023 23:31;on
28;BedroomTV;Domenica;12/02/2023 23:50;on
28;BedroomTV;Domenica;12/02/2023 23:57;off
29;HallDoor;Lunedi;13/02/2023 00:12;off
29;WashingMachine;Lunedi;13/02/2023 00:15;off
29;Bell;Lunedi;13/02/2023 10:35;on
29;Bell;Lunedi;13/02/2023 10:35;off
29;Window;Lunedi;13/02/2023 10:56;on
29;HallDoor;Lunedi;13/02/2023 11:00;on
29;Microwave;Lunedi;13/02/2023 12:05;on
29;Dishwasher;Lunedi;13/02/2023 13:10;on
29;Dishwasher;Lunedi;13/02/2023 14:30;off
29;Window;Lunedi;13/02/2023 14:32;off
29;BathroomDoor;Lunedi;13/02/2023 14:35;on
29;HallTV;Lunedi;13/02/2023 15:10;on
29;HallTV;Lunedi;13/02/2023 16:10;off
29;Stove;Lunedi;13/02/2023 16:37;on
29;Stove;Lunedi;13/02/2023 16:41;off
29;Radiators;Lunedi;13/02/2023 17:25;on
29;KitchenLight;Lunedi;13/02/2023 19:15;on
29;Oven;Lunedi;13/02/2023 19:23;on
29;Oven;Lunedi;13/02/2023 19:55;off
29;KitchenLight;Lunedi;13/02/2023 20:25;off
29;BedroomTV;Lunedi;13/02/2023 21:05;on
29;Radiators;Lunedi;13/02/2023 21:55;off
29;PhoneRecharge;Lunedi;13/02/2023 22:05;on
29;BedroomTV;Lunedi;13/02/2023 22:30;off
30;WashingMachine;Martedi;14/02/2023 00:00;off
30;BathroomDoor;Martedi;14/02/2023 01:23;on
30;BathroomDoor;Martedi;14/02/2023 01:45;off
30;Bell;Martedi;14/02/2023 10:23;on
30;Window;Martedi;14/02/2023 10:56;on
30;HallDoor;Martedi;14/02/2023 11:00;on
30;HallTV;Martedi;14/02/2023 11:13;on
30;HallTV;Martedi;14/02/2023 11:10;off
30;Microwave;Martedi;14/02/2023 11:15;on
30;Dishwasher;Martedi;14/02/2023 13:10;on
30;Dishwasher;Martedi;14/02/2023 14:30;off
30;Window;Martedi;14/02/2023 14:32;off
30;BathroomDoor;Martedi;14/02/2023 15:05;on
30;HallTV;Martedi;14/02/2023 15:10;on
30;HallTV;Martedi;14/02/2023 16:10;off
30;BedroomLight;Martedi;14/02/2023 17:10;on
30;BedroomLight;Martedi;14/02/2023 19:10;off
30;KitchenLight;Martedi;14/02/2023 19:16;on
30;Oven;Martedi;14/02/2023 19:23;on
30;Oven;Martedi;14/02/2023 19:55;off
30;KitchenLight;Martedi;14/02/2023 20:25;off
30;BedroomTV;Martedi;14/02/2023 21:05;on
30;PhoneRecharge;Martedi;14/02/2023 22:50;on
30;BedroomTV;Martedi;14/02/2023 23:30;off
31;Stove;Mercoledi;15/02/2023 09:45;on
31;Stove;Mercoledi;15/02/2023 09:50;off
31;Bell;Mercoledi;15/02/2023 10:23;off
31;Window;Mercoledi;15/02/2023 10:56;on
31;HallDoor;Mercoledi;15/02/2023 11:10;on
31;Microwave;Mercoledi;15/02/2023 11:35;on
31;Stove;Mercoledi;15/02/2023 12:15;on
31;Stove;Mercoledi;15/02/2023 13:05;off
31;Dishwasher;Mercoledi;15/02/2023 13:10;on
31;Dishwasher;Mercoledi;15/02/2023 14:30;off
31;HallTV;Mercoledi;15/02/2023 15:10;on
31;Window;Mercoledi;15/02/2023 15:32;off
31;HallTV;Mercoledi;15/02/2023 16:10;off
31;Radiators;Mercoledi;15/02/2023 17:25;on
31;Stove;Mercoledi;15/02/2023 19:00;on
31;KitchenLight;Mercoledi;15/02/2023 19:15;on
31;Stove;Mercoledi;15/02/2023 19:00;off
31;KitchenLight;Mercoledi;15/02/2023 20:25;off
31;BedroomTV;Mercoledi;15/02/2023 21:05;on
31;Radiators;Mercoledi;15/02/2023 21:45;off
31;PhoneRecharge;Mercoledi;15/02/2023 22:05;on
31;BedroomTV;Mercoledi;15/02/2023 22:30;on
32;HallDoor;Giovedi;16/02/2023 00:00;off
32;WashingMachine;Giovedi;16/02/2023 00:00;off
32;BathroomDoor;Giovedi;16/02/2023 01:23;on
32;BathroomDoor;Giovedi;16/02/2023 01:45;off
32;Bell;Giovedi;16/02/2023 08:00;on
32;Stove;Giovedi;16/02/2023 08:45;on
32;Stove;Giovedi;16/02/2023 09:50;off
32;Bell;Giovedi;16/02/2023 10:23;off
32;Window;Giovedi;16/02/2023 10:56;on
32;HallDoor;Giovedi;16/02/2023 11:00;on
32;Stove;Giovedi;16/02/2023 12:05;on
32;Stove;Giovedi;16/02/2023 12:25;off
32;Dishwasher;Giovedi;16/02/2023 13:10;on
32;BathroomDoor;Giovedi;16/02/2023 14:35;on
32;Dishwasher;Giovedi;16/02/2023 14:40;off
32;HallTV;Giovedi;16/02/2023 15:10;on
32;Window;Giovedi;16/02/2023 14:32;off
32;HallTV;Giovedi;16/02/2023 16:10;off
32;Radiators;Giovedi;16/02/2023 17:25;on
32;BedroomLight;Giovedi;16/02/2023 18:00;off
32;Stove;Giovedi;16/02/2023 19:00;on
32;KitchenLight;Giovedi;16/02/2023 19:15;on
32;Stove;Giovedi;16/02/2023 19:00;off
32;Oven;Giovedi;16/02/2023 19:23;on
32;Oven;Giovedi;16/02/2023 19:55;off
32;KitchenLight;Giovedi;16/02/2023 20:25;off
32;BedroomTV;Giovedi;16/02/2023 21:05;on
32;Radiators;Giovedi;16/02/2023 21:45;off
32;PhoneRecharge;Giovedi;16/02/2023 22:05;on
32;BedroomTV;Giovedi;16/02/2023 22:30;off
33;Bell;Venerdi;17/02/2023 01:00;on
33;HallDoor;Venerdi;17/02/2023 01:10;off
33;WashingMachine;Venerdi;17/02/2023 00:00;off
33;BathroomDoor;Venerdi;17/02/2023 01:23;on
33;BathroomDoor;Venerdi;17/02/2023 01:45;off
33;Bell;Venerdi;17/02/2023 08:37;off
33;Stove;Venerdi;17/02/2023 08:45;on
33;Stove;Venerdi;17/02/2023 08:50;off
33;Computer;Venerdi;17/02/2023 09:50;on
33;BedroomTV;Venerdi;17/02/2023 09:55;on
33;Fridge;Venerdi;17/02/2023 10:01;on
33;Fridge;Venerdi;17/02/2023 10:15;off
33;Computer;Venerdi;17/02/2023 10:30;off
33;Window;Venerdi;17/02/2023 10:40;on
33;HallDoor;Venerdi;17/02/2023 11:00;on
33;Microwave;Venerdi;17/02/2023 11:05;on
33;Stove;Venerdi;17/02/2023 12:05;on
33;Stove;Venerdi;17/02/2023 12:25;off
33;Dishwasher;Venerdi;17/02/2023 13:10;on
33;Dishwasher;Venerdi;17/02/2023 14:30;off
33;BathroomDoor;Venerdi;17/02/2023 14:35;on
33;BedroomTV;Venerdi;17/02/2023 15:10;on
33;Window;Venerdi;17/02/2023 14:15;off
33;Radiators;Venerdi;17/02/2023 15:20;on
33;BedroomTV;Venerdi;17/02/2023 16:10;off
33;BedroomLight;Venerdi;17/02/2023 17:10;on
33;Radiators;Venerdi;17/02/2023 17:15;on
33;BedroomLight;Venerdi;17/02/2023 18:00;off
33;Stove;Venerdi;17/02/2023 19:00;on
33;KitchenLight;Venerdi;17/02/2023 19:15;on
33;Stove;Venerdi;17/02/2023 19:00;off
33;Oven;Venerdi;17/02/2023 19:23;on
33;Oven;Venerdi;17/02/2023 19:55;off
33;Fridge;Venerdi;17/02/2023 20:19;on
33;PhoneRecharge;Venerdi;17/02/2023 20:20;on
33;Fridge;Venerdi;17/02/2023 20:21;off
33;KitchenLight;Venerdi;17/02/2023 20:25;off
33;BedroomTV;Venerdi;17/02/2023 21:05;on
33;BedroomTV;Venerdi;17/02/2023 21:30;off
33;Radiators;Venerdi;17/02/2023 21:40;off
33;HallDoor;Venerdi;17/02/2023 22:00;on
33;HallDoor;Venerdi;17/02/2023 22:02;off
33;HallDoor;Venerdi;17/02/2023 23:50;on
33;HallDoor;Venerdi;17/02/2023 23:54;on
33;BedroomLight;Venerdi;17/02/2023 23:57;on
33;BedroomLight;Venerdi;17/02/2023 23:59;off
34;BathroomDoor;Sabato;18/02/2023 00:50;on
34;BathroomDoor;Sabato;18/02/2023 00:53;off
34;Bell;Sabato;18/02/2023 00:00;on
34;HallDoor;Sabato;18/02/2023 00:00;off
34;WashingMachine;Sabato;18/02/2023 00:00;off
34;BathroomDoor;Sabato;18/02/2023 01:23;on
34;BathroomDoor;Sabato;18/02/2023 01:45;off
34;Bell;Sabato;18/02/2023 08:37;off
34;Stove;Sabato;18/02/2023 08:45;on
34;Stove;Sabato;18/02/2023 08:50;off
34;Computer;Sabato;18/02/2023 09:50;on
34;BedroomTV;Sabato;18/02/2023 09:55;on
34;Computer;Sabato;18/02/2023 10:30;off
34;Window;Sabato;18/02/2023 10:56;on
34;HallDoor;Sabato;18/02/2023 11:00;on
34;Microwave;Sabato;18/02/2023 11:05;on
34;Stove;Sabato;18/02/2023 12:05;on
34;Stove;Sabato;18/02/2023 12:25;off
34;Dishwasher;Sabato;18/02/2023 13:10;on
34;Dishwasher;Sabato;18/02/2023 14:30;off
34;BathroomDoor;Sabato;18/02/2023 14:35;on
34;HallTV;Sabato;18/02/2023 15:10;on
34;Window;Sabato;18/02/2023 14:32;off
34;Radiators;Sabato;18/02/2023 15:10;on
34;HallTV;Sabato;18/02/2023 16:10;off
34;HallLight;Sabato;18/02/2023 17:10;on
34;Radiators;Sabato;18/02/2023 17:25;on
34;HallLight;Sabato;18/02/2023 18:00;off
34;Computer;Sabato;18/02/2023 18:10;on
34;Computer;Sabato;18/02/2023 18:35;off
34;Stove;Sabato;18/02/2023 19:07;on
34;KitchenLight;Sabato;18/02/2023 19:15;on
34;Stove;Sabato;18/02/2023 19:00;off
34;Oven;Sabato;18/02/2023 19:23;on
34;Oven;Sabato;18/02/2023 19:55;off
34;Fridge;Sabato;18/02/2023 20:19;on
34;PhoneRecharge;Sabato;18/02/2023 20:20;on
34;Fridge;Sabato;18/02/2023 20:21;off
34;KitchenLight;Sabato;18/02/2023 20:25;off
34;BedroomTV;Sabato;18/02/2023 21:05;on
34;BedroomTV;Sabato;18/02/2023 21:30;off
34;Radiators;Sabato;18/02/2023 21:45;off
34;HallDoor;Sabato;18/02/2023 22:05;on
34;HallDoor;Sabato;18/02/2023 22:07;off
34;HallDoor;Sabato;18/02/2023 23:50;on
34;HallDoor;Sabato;18/02/2023 23:54;on
35;BathroomDoor;Domenica;19/02/2023 00:50;on
35;BathroomDoor;Domenica;19/02/2023 00:53;off
35;Bell;Domenica;19/02/2023 00:00;on
35;HallDoor;Domenica;19/02/2023 00:00;off
35;WashingMachine;Domenica;19/02/2023 00:00;off
35;BathroomDoor;Domenica;19/02/2023 01:23;on
35;BathroomDoor;Domenica;19/02/2023 01:45;off
35;Bell;Domenica;19/02/2023 10:37;off
35;Stove;Domenica;19/02/2023 10:45;on
35;Stove;Domenica;19/02/2023 10:50;off
35;Computer;Domenica;19/02/2023 11:50;on
35;BedroomTV;Domenica;19/02/2023 11:55;on
35;Computer;Domenica;19/02/2023 12:30;off
35;Window;Domenica;19/02/2023 12:56;on
35;HallDoor;Domenica;19/02/2023 12:57;on
35;Stove;Domenica;19/02/2023 13:05;on
35;Stove;Domenica;19/02/2023 13:25;off
35;Dishwasher;Domenica;19/02/2023 14:10;on
35;Dishwasher;Domenica;19/02/2023 14:30;off
35;BathroomDoor;Domenica;19/02/2023 14:35;on
35;HallTV;Domenica;19/02/2023 15:10;on
35;Window;Domenica;19/02/2023 14:32;off
35;Radiators;Domenica;19/02/2023 15:20;on
35;HallTV;Domenica;19/02/2023 16:10;off
35;BedroomLight;Domenica;19/02/2023 17:10;on
35;Radiators;Domenica;19/02/2023 17:25;off
35;BedroomLight;Domenica;19/02/2023 18:00;off
35;Stove;Domenica;19/02/2023 19:00;on
35;KitchenLight;Domenica;19/02/2023 19:15;on
35;Stove;Domenica;19/02/2023 19:00;off
35;Oven;Domenica;19/02/2023 19:23;on
35;Window;Domenica;19/02/2023 19:50;on
35;Oven;Domenica;19/02/2023 19:55;off
35;Fridge;Domenica;19/02/2023 20:10;on
35;Window;Domenica;19/02/2023 20:11;off
35;Fridge;Domenica;19/02/2023 20:12;off
35;PhoneRecharge;Domenica;19/02/2023 20:15;on
35;Fridge;Domenica;19/02/2023 20:21;off
35;KitchenLight;Domenica;19/02/2023 20:25;off
35;BedroomTV;Domenica;19/02/2023 21:05;on
35;BedroomTV;Domenica;19/02/2023 21:30;off
35;Radiators;Domenica;19/02/2023 21:45;off
35;HallDoor;Domenica;19/02/2023 22:05;on
35;HallDoor;Domenica;19/02/2023 22:07;off
35;HallDoor;Domenica;19/02/2023 23:30;on
35;HallDoor;Domenica;19/02/2023 23:31;on
35;BedroomTV;Domenica;19/02/2023 23:50;on
36;Bell;Lunedi;20/02/2023 00:10;on
36;HallDoor;Lunedi;20/02/2023 00:12;off
36;WashingMachine;Lunedi;20/02/2023 00:15;off
36;Bell;Lunedi;20/02/2023 10:35;off
36;Window;Lunedi;20/02/2023 10:56;on
36;HallDoor;Lunedi;20/02/2023 11:00;on
36;Microwave;Lunedi;20/02/2023 11:05;on
36;Dishwasher;Lunedi;20/02/2023 13:10;on
36;Dishwasher;Lunedi;20/02/2023 14:30;off
36;Window;Lunedi;20/02/2023 14:32;off
36;Stove;Lunedi;20/02/2023 14:33;on
36;Stove;Lunedi;20/02/2023 14:34;off
36;BathroomDoor;Lunedi;20/02/2023 14:35;on
36;HallTV;Lunedi;20/02/2023 15:10;on
36;HallTV;Lunedi;20/02/2023 16:10;off
36;BedroomLight;Lunedi;20/02/2023 17:10;on
36;Radiators;Lunedi;20/02/2023 17:25;on
36;BedroomLight;Lunedi;20/02/2023 19:10;off
36;KitchenLight;Lunedi;20/02/2023 19:15;on
36;Oven;Lunedi;20/02/2023 19:23;on
36;Oven;Lunedi;20/02/2023 19:55;off
36;KitchenLight;Lunedi;20/02/2023 20:25;off
36;BedroomTV;Lunedi;20/02/2023 21:05;on
36;Radiators;Lunedi;20/02/2023 21:45;off
36;PhoneRecharge;Lunedi;20/02/2023 22:05;on
36;BedroomTV;Lunedi;20/02/2023 22:30;off
37;WashingMachine;Martedi;21/02/2023 00:00;off
37;Bell;Martedi;21/02/2023 08:23;on
37;Window;Martedi;21/02/2023 10:56;on
37;HallDoor;Martedi;21/02/2023 11:00;on
37;HallTV;Martedi;21/02/2023 11:13;on
37;HallTV;Martedi;21/02/2023 11:10;off
37;Stove;Martedi;21/02/2023 12:05;on
37;Dishwasher;Martedi;21/02/2023 13:10;on
37;Stove;Martedi;21/02/2023 13:15;off
37;Dishwasher;Martedi;21/02/2023 14:30;off
37;Window;Martedi;21/02/2023 14:32;off
37;BathroomDoor;Martedi;21/02/2023 15:05;on
37;HallTV;Martedi;21/02/2023 15:10;on
37;HallTV;Martedi;21/02/2023 16:10;off
37;BedroomLight;Martedi;21/02/2023 17:10;on
37;BedroomLight;Martedi;21/02/2023 19:10;off
37;KitchenLight;Martedi;21/02/2023 19:15;on
37;Fridge;Martedi;22/02/2023 05:16;on
37;KitchenLight;Martedi;21/02/2023 20:25;off
37;BedroomTV;Martedi;21/02/2023 21:05;on
37;PhoneRecharge;Martedi;21/02/2023 22:50;on
37;BedroomTV;Martedi;21/02/2023 23:00;off
37;Fridge;Martedi;21/02/2023 23:34;off
38;Bell;Mercoledi;22/02/2023 00:10;on
38;HallDoor;Mercoledi;22/02/2023 00:12;off
38;WashingMachine;Mercoledi;22/02/2023 00:15;off
38;Bell;Mercoledi;22/02/2023 10:35;off
38;Window;Mercoledi;22/02/2023 10:56;on
38;HallDoor;Mercoledi;22/02/2023 11:00;on
38;Microwave;Mercoledi;22/02/2023 11:05;on
38;Dishwasher;Mercoledi;22/02/2023 13:10;on
38;Dishwasher;Mercoledi;22/02/2023 14:30;off
38;Window;Mercoledi;22/02/2023 14:32;off
38;Stove;Mercoledi;22/02/2023 14:33;on
38;Stove;Mercoledi;22/02/2023 14:34;off
38;BathroomDoor;Mercoledi;22/02/2023 14:35;on
38;HallTV;Mercoledi;22/02/2023 15:10;on
38;HallTV;Mercoledi;22/02/2023 16:10;off
38;BedroomLight;Mercoledi;22/02/2023 17:10;on
38;Radiators;Mercoledi;22/02/2023 17:25;on
38;BedroomLight;Mercoledi;22/02/2023 19:10;off
38;KitchenLight;Mercoledi;22/02/2023 19:15;on
38;Oven;Mercoledi;22/02/2023 19:23;on
38;Oven;Mercoledi;22/02/2023 19:55;off
38;KitchenLight;Mercoledi;22/02/2023 20:25;off
38;BedroomTV;Mercoledi;22/02/2023 21:05;on
38;Radiators;Mercoledi;22/02/2023 21:45;off
38;PhoneRecharge;Mercoledi;22/02/2023 22:05;on
38;BedroomTV;Mercoledi;22/02/2023 22:30;off
39;HallDoor;Giovedi;23/02/2023 00:12;off
39;WashingMachine;Giovedi;23/02/2023 00:15;off
39;Bell;Giovedi;23/02/2023 10:35;on
39;Bell;Giovedi;23/02/2023 10:35;off
39;Window;Giovedi;23/02/2023 10:56;on
39;HallDoor;Giovedi;23/02/2023 11:00;on
39;Microwave;Giovedi;23/02/2023 12:05;on
39;Dishwasher;Giovedi;23/02/2023 13:10;on
39;Dishwasher;Giovedi;23/02/2023 14:30;off
39;Window;Giovedi;23/02/2023 14:32;off
39;BathroomDoor;Giovedi;23/02/2023 14:35;on
39;HallTV;Giovedi;23/02/2023 15:10;on
39;HallTV;Giovedi;23/02/2023 16:10;off
39;Stove;Giovedi;23/02/2023 16:37;on
39;Stove;Giovedi;23/02/2023 16:41;off
39;Radiators;Giovedi;23/02/2023 17:25;on
39;KitchenLight;Giovedi;23/02/2023 19:15;on
39;Oven;Giovedi;23/02/2023 19:23;on
39;Oven;Giovedi;23/02/2023 19:55;off
39;KitchenLight;Giovedi;23/02/2023 20:25;off
39;BedroomTV;Giovedi;23/02/2023 21:05;on
39;Radiators;Giovedi;23/02/2023 21:55;off
39;PhoneRecharge;Giovedi;23/02/2023 22:05;on
39;BedroomTV;Giovedi;23/02/2023 22:30;off
40;Bell;Venerdi;24/02/2023 01:00;on
40;HallDoor;Venerdi;24/02/2023 01:10;off
40;WashingMachine;Venerdi;24/02/2023 00:00;off
40;BathroomDoor;Venerdi;24/02/2023 01:23;on
40;BathroomDoor;Venerdi;24/02/2023 01:45;off
40;Bell;Venerdi;24/02/2023 08:37;off
40;Stove;Venerdi;24/02/2023 08:45;on
40;Stove;Venerdi;24/02/2023 08:50;off
40;BedroomLight;Venerdi;24/02/2023 08:57;on
40;BedroomLight;Venerdi;24/02/2023 09:03;off
40;Computer;Venerdi;24/02/2023 09:50;on
40;BedroomTV;Venerdi;24/02/2023 09:55;on
40;Fridge;Venerdi;24/02/2023 10:01;on
40;Fridge;Venerdi;24/02/2023 10:15;off
40;Computer;Venerdi;24/02/2023 10:30;off
40;Window;Venerdi;24/02/2023 10:40;on
40;HallDoor;Venerdi;24/02/2023 11:00;on
40;Microwave;Venerdi;24/02/2023 11:05;on
40;Stove;Venerdi;24/02/2023 12:05;on
40;Stove;Venerdi;24/02/2023 12:25;off
40;Dishwasher;Venerdi;24/02/2023 13:10;on
40;Dishwasher;Venerdi;24/02/2023 14:30;off
40;BathroomDoor;Venerdi;24/02/2023 14:35;on
40;BedroomTV;Venerdi;24/02/2023 15:10;on
40;Window;Venerdi;24/02/2023 15:21;off
40;Radiators;Venerdi;24/02/2023 15:20;on
40;BedroomTV;Venerdi;24/02/2023 16:10;off
40;BedroomLight;Venerdi;24/02/2023 17:10;on
40;Radiators;Venerdi;24/02/2023 17:00;on
40;BedroomLight;Venerdi;24/02/2023 18:00;off
40;Stove;Venerdi;24/02/2023 19:00;on
40;KitchenLight;Venerdi;24/02/2023 19:15;on
40;Stove;Venerdi;24/02/2023 19:00;off
40;Oven;Venerdi;24/02/2023 19:23;on
40;Oven;Venerdi;24/02/2023 19:55;off
40;Fridge;Venerdi;24/02/2023 20:19;on
40;PhoneRecharge;Venerdi;24/02/2023 20:20;on
40;Fridge;Venerdi;24/02/2023 20:21;off
40;KitchenLight;Venerdi;24/02/2023 20:25;off
40;BedroomTV;Venerdi;24/02/2023 21:05;on
40;BedroomTV;Venerdi;24/02/2023 21:30;off
40;Radiators;Venerdi;24/02/2023 21:40;off
40;HallDoor;Venerdi;24/02/2023 22:00;on
40;HallDoor;Venerdi;24/02/2023 22:02;off
40;HallDoor;Venerdi;24/02/2023 23:50;on
40;HallDoor;Venerdi;24/02/2023 23:54;on
40;BedroomLight;Venerdi;24/02/2023 23:57;on
40;BedroomLight;Venerdi;24/02/2023 23:59;off
41;BathroomDoor;Sabato;25/02/2023 00:50;on
41;BathroomDoor;Sabato;25/02/2023 00:53;off
41;Bell;Sabato;25/02/2023 00:00;on
41;HallDoor;Sabato;25/02/2023 00:00;off
41;WashingMachine;Sabato;25/02/2023 00:00;off
41;BathroomDoor;Sabato;25/02/2023 01:23;on
41;BathroomDoor;Sabato;25/02/2023 01:45;off
41;Bell;Sabato;25/02/2023 08:37;off
41;BedroomTV;Sabato;25/02/2023 08:40;on
41;Stove;Sabato;25/02/2023 08:45;on
41;Stove;Sabato;25/02/2023 08:50;off
41;BedroomTV;Sabato;25/02/2023 09:14;off
41;Computer;Sabato;25/02/2023 09:50;on
41;BedroomTV;Sabato;25/02/2023 09:55;on
41;Computer;Sabato;25/02/2023 10:30;off
41;Window;Sabato;25/02/2023 10:56;on
41;HallDoor;Sabato;25/02/2023 11:00;on
41;Microwave;Sabato;25/02/2023 11:05;on
41;Stove;Sabato;25/02/2023 12:05;on
41;Stove;Sabato;25/02/2023 12:25;off
41;Dishwasher;Sabato;25/02/2023 13:10;on
41;Dishwasher;Sabato;25/02/2023 14:30;off
41;BathroomDoor;Sabato;25/02/2023 14:35;on
41;HallTV;Sabato;25/02/2023 15:10;on
41;Window;Sabato;25/02/2023 14:32;off
41;Radiators;Sabato;25/02/2023 15:10;on
41;HallTV;Sabato;25/02/2023 16:10;off
41;HallLight;Sabato;25/02/2023 17:10;on
41;CoffeeMachine;Sabato;25/02/2023 17:13;on
41;CoffeeMachine;Sabato;25/02/2023 17:20;off
41;Radiators;Sabato;25/02/2023 17:25;on
41;HallLight;Sabato;25/02/2023 18:00;off
41;Computer;Sabato;25/02/2023 18:10;on
41;Computer;Sabato;25/02/2023 18:35;off
41;Stove;Sabato;25/02/2023 19:07;on
41;KitchenLight;Sabato;25/02/2023 19:15;on
41;Stove;Sabato;25/02/2023 19:00;off
41;Oven;Sabato;25/02/2023 19:23;on
41;Oven;Sabato;25/02/2023 19:55;off
41;Fridge;Sabato;25/02/2023 20:19;on
41;PhoneRecharge;Sabato;25/02/2023 20:20;on
41;Fridge;Sabato;25/02/2023 20:21;off
41;KitchenLight;Sabato;25/02/2023 20:25;off
41;BedroomTV;Sabato;25/02/2023 21:05;on
41;BedroomTV;Sabato;25/02/2023 21:30;off
41;Radiators;Sabato;25/02/2023 21:45;off
41;HallDoor;Sabato;25/02/2023 22:05;on
41;HallDoor;Sabato;25/02/2023 22:07;off
41;HallDoor;Sabato;25/02/2023 23:50;on
41;HallDoor;Sabato;25/02/2023 23:54;on
42;BathroomDoor;Domenica;26/02/2023 00:50;on
42;BathroomDoor;Domenica;26/02/2023 00:53;off
42;Bell;Domenica;26/02/2023 00:00;on
42;HallDoor;Domenica;26/02/2023 00:00;off
42;WashingMachine;Domenica;26/02/2023 00:00;off
42;BathroomDoor;Domenica;26/02/2023 01:23;on
42;BathroomDoor;Domenica;26/02/2023 01:45;off
42;Bell;Domenica;26/02/2023 10:37;off
42;Stove;Domenica;26/02/2023 10:45;on
42;Stove;Domenica;26/02/2023 10:50;off
42;Computer;Domenica;26/02/2023 11:50;on
42;BedroomTV;Domenica;26/02/2023 11:55;on
42;Computer;Domenica;26/02/2023 12:30;off
42;Window;Domenica;26/02/2023 12:56;on
42;HallDoor;Domenica;26/02/2023 12:57;on
42;Stove;Domenica;26/02/2023 13:05;on
42;Stove;Domenica;26/02/2023 13:25;off
42;Dishwasher;Domenica;26/02/2023 14:10;on
42;Dishwasher;Domenica;26/02/2023 14:30;off
42;BathroomDoor;Domenica;26/02/2023 14:35;on
42;HallTV;Domenica;26/02/2023 15:10;on
42;Window;Domenica;26/02/2023 14:32;off
42;Radiators;Domenica;26/02/2023 15:20;on
42;HallTV;Domenica;26/02/2023 16:10;off
42;BedroomLight;Domenica;26/02/2023 17:10;on
42;Radiators;Domenica;26/02/2023 17:25;off
42;BedroomLight;Domenica;26/02/2023 18:00;off
42;Stove;Domenica;26/02/2023 19:00;on
42;KitchenLight;Domenica;26/02/2023 19:15;on
42;Stove;Domenica;26/02/2023 19:00;off
42;Oven;Domenica;26/02/2023 19:23;on
42;Window;Domenica;26/02/2023 19:50;on
42;Oven;Domenica;26/02/2023 19:55;off
42;Fridge;Domenica;26/02/2023 20:10;on
42;Window;Domenica;26/02/2023 20:11;off
42;Fridge;Domenica;26/02/2023 20:12;off
42;PhoneRecharge;Domenica;26/02/2023 20:15;on
42;Fridge;Domenica;26/02/2023 20:21;off
42;KitchenLight;Domenica;26/02/2023 20:25;off
42;BedroomTV;Domenica;26/02/2023 21:05;on
42;BedroomTV;Domenica;26/02/2023 21:30;off
42;Radiators;Domenica;26/02/2023 21:45;off
42;Fridge;Domenica;26/02/2023 21:47;on
42;Fridge;Domenica;26/02/2023 21:50;off
42;HallDoor;Domenica;26/02/2023 22:05;on
42;HallDoor;Domenica;26/02/2023 22:07;off
42;HallDoor;Domenica;26/02/2023 23:30;on
42;HallDoor;Domenica;26/02/2023 23:31;on
42;BedroomTV;Domenica;26/02/2023 23:50;on
43;HallDoor;Lunedi;27/02/2023 00:12;off
43;WashingMachine;Lunedi;27/02/2023 00:15;off
43;Bell;Lunedi;27/02/2023 10:35;off
43;Window;Lunedi;27/02/2023 10:59;on
43;HallDoor;Lunedi;27/02/2023 11:00;on
43;Microwave;Lunedi;27/02/2023 11:05;on
43;Window;Lunedi;27/02/2023 14:32;off
43;Dishwasher;Lunedi;27/02/2023 14:32;on
43;Dishwasher;Lunedi;27/02/2023 14:33;off
43;Stove;Lunedi;27/02/2023 14:33;on
43;Stove;Lunedi;27/02/2023 14:34;off
43;BathroomDoor;Lunedi;27/02/2023 14:35;on
43;HallTV;Lunedi;27/02/2023 15:10;on
43;HallTV;Lunedi;27/02/2023 16:10;off
43;BedroomLight;Lunedi;27/02/2023 17:10;on
43;Radiators;Lunedi;27/02/2023 17:25;on
43;BedroomLight;Lunedi;27/02/2023 19:10;off
43;BedroomTV;Lunedi;27/02/2023 21:05;on
43;Radiators;Lunedi;27/02/2023 21:45;off
43;PhoneRecharge;Lunedi;27/02/2023 22:05;on
43;BedroomTV;Lunedi;27/02/2023 22:30;off
44;HallDoor;Martedi;28/02/2023 00:00;off
44;WashingMachine;Martedi;28/02/2023 00:00;off
44;BathroomDoor;Martedi;28/02/2023 01:23;on
44;BathroomDoor;Martedi;28/02/2023 01:45;off
44;Bell;Martedi;28/02/2023 08:00;on
44;Stove;Martedi;28/02/2023 08:45;on
44;Stove;Martedi;28/02/2023 09:50;off
44;Bell;Martedi;28/02/2023 10:23;off
44;Window;Martedi;28/02/2023 10:56;on
44;HallDoor;Martedi;28/02/2023 11:00;on
44;Stove;Martedi;28/02/2023 12:05;on
44;Stove;Martedi;28/02/2023 12:25;off
44;Dishwasher;Martedi;28/02/2023 13:10;on
44;BathroomDoor;Martedi;28/02/2023 14:35;on
44;Dishwasher;Martedi;28/02/2023 14:40;off
44;HallTV;Martedi;28/02/2023 15:10;on
44;Window;Martedi;28/02/2023 14:32;off
44;HallTV;Martedi;28/02/2023 16:10;off
44;Radiators;Martedi;28/02/2023 17:25;on
44;BedroomLight;Martedi;28/02/2023 18:00;off
44;Stove;Martedi;28/02/2023 19:00;on
44;KitchenLight;Martedi;28/02/2023 19:15;on
44;Stove;Martedi;28/02/2023 19:00;off
44;Oven;Martedi;28/02/2023 19:23;on
44;Oven;Martedi;28/02/2023 19:55;off
44;KitchenLight;Martedi;28/02/2023 20:25;off
44;BedroomTV;Martedi;28/02/2023 21:05;on
44;Radiators;Martedi;28/02/2023 21:45;off
44;PhoneRecharge;Martedi;28/02/2023 22:05;on
44;BedroomTV;Martedi;28/02/2023 22:30;off
45;Bell;Mercoledi;01/03/2023 00:00;on
45;HallDoor;Mercoledi;01/03/2023 00:00;off
45;WashingMachine;Mercoledi;01/03/2023 00:00;off
45;BathroomDoor;Mercoledi;01/03/2023 01:23;on
45;BathroomDoor;Mercoledi;01/03/2023 01:45;off
45;Stove;Mercoledi;01/03/2023 08:45;on
45;Stove;Mercoledi;01/03/2023 09:50;off
45;Bell;Mercoledi;01/03/2023 10:23;off
45;Window;Mercoledi;01/03/2023 10:56;on
45;HallDoor;Mercoledi;01/03/2023 11:00;on
45;Stove;Mercoledi;01/03/2023 12:05;on
45;Stove;Mercoledi;01/03/2023 12:25;off
45;Dishwasher;Mercoledi;01/03/2023 13:10;on
45;BathroomDoor;Mercoledi;01/03/2023 14:35;on
45;Dishwasher;Mercoledi;01/03/2023 14:40;off
45;HallTV;Mercoledi;01/03/2023 15:10;on
45;Window;Mercoledi;01/03/2023 14:32;off
45;HallTV;Mercoledi;01/03/2023 16:10;off
45;Radiators;Mercoledi;01/03/2023 17:25;on
45;BedroomLight;Mercoledi;01/03/2023 18:00;off
45;Stove;Mercoledi;01/03/2023 19:00;on
45;KitchenLight;Mercoledi;01/03/2023 19:15;on
45;Stove;Mercoledi;01/03/2023 19:00;off
45;Oven;Mercoledi;01/03/2023 19:23;on
45;Oven;Mercoledi;01/03/2023 19:55;off
45;KitchenLight;Mercoledi;01/03/2023 20:25;off
45;BedroomTV;Mercoledi;01/03/2023 21:05;on
45;Radiators;Mercoledi;01/03/2023 21:45;off
45;PhoneRecharge;Mercoledi;01/03/2023 22:05;on
45;BedroomTV;Mercoledi;01/03/2023 22:30;off
46;Bell;Giovedi;02/03/2023 00:10;on
46;HallDoor;Giovedi;02/03/2023 00:12;off
46;WashingMachine;Giovedi;02/03/2023 00:15;off
46;Bell;Giovedi;02/03/2023 10:35;off
46;Window;Giovedi;02/03/2023 10:56;on
46;HallDoor;Giovedi;02/03/2023 11:00;on
46;Microwave;Giovedi;02/03/2023 11:05;on
46;Dishwasher;Giovedi;02/03/2023 13:10;on
46;Dishwasher;Giovedi;02/03/2023 14:30;off
46;Window;Giovedi;02/03/2023 14:32;off
46;Stove;Giovedi;02/03/2023 14:33;on
46;Stove;Giovedi;02/03/2023 14:34;off
46;BathroomDoor;Giovedi;02/03/2023 14:35;on
46;HallTV;Giovedi;02/03/2023 15:10;on
46;HallTV;Giovedi;02/03/2023 16:10;off
46;BedroomLight;Giovedi;02/03/2023 17:10;on
46;Radiators;Giovedi;02/03/2023 17:25;on
46;BedroomLight;Giovedi;02/03/2023 19:10;off
46;KitchenLight;Giovedi;02/03/2023 19:15;on
46;Oven;Giovedi;02/03/2023 19:23;on
46;Oven;Giovedi;02/03/2023 19:55;off
46;KitchenLight;Giovedi;02/03/2023 20:25;off
46;BedroomTV;Giovedi;02/03/2023 21:05;on
46;Radiators;Giovedi;02/03/2023 21:45;off
46;PhoneRecharge;Giovedi;02/03/2023 22:05;on
46;BedroomTV;Giovedi;02/03/2023 22:30;off
47;Bell;Venerdi;03/03/2023 00:00;on
47;HallDoor;Venerdi;03/03/2023 00:01;off
47;WashingMachine;Venerdi;03/03/2023 00:00;off
47;BathroomDoor;Venerdi;03/03/2023 01:20;on
47;BathroomDoor;Venerdi;03/03/2023 01:22;off
47;Bell;Venerdi;03/03/2023 08:37;off
47;Stove;Venerdi;03/03/2023 08:45;on
47;Stove;Venerdi;03/03/2023 08:59;off
47;CoffeMaker ;Venerdi;03/03/2023 09:00;on
47;CoffeMaker ;Venerdi;03/03/2023 09:02;off
47;Computer;Venerdi;03/03/2023 09:10;on
47;HallDoor;Venerdi;03/03/2023 11:00;on 
47;Microwave;Venerdi;03/03/2023 11:05;on
47;Computer;Venerdi;03/03/2023 12:00;off
47;Stove;Venerdi;03/03/2023 12:10;on
47;Stove;Venerdi;03/03/2023 12:25;off
47;Dishwasher;Venerdi;03/03/2023 13:05;on 
47;Dishwasher;Venerdi;03/03/2023 14:30;off
47;BathroomDoor;Venerdi;03/03/2023 15:00;on
47;BathroomDoor;Venerdi;03/03/2023 15:01;on
47;BedroomTV;Venerdi;03/03/2023 15:10;on
47;Radiators;Venerdi;03/03/2023 15:20;on
47;BedroomTV;Venerdi;03/03/2023 16:10;off
47;BedroomLight;Venerdi;03/03/2023 17:10;on
47;Radiators;Venerdi;03/03/2023 17:15;on
47;BedroomLight;Venerdi;03/03/2023 20:00;off
47;KitchenLight;Venerdi;03/03/2023 19:15;on
47;Stove;Venerdi;03/03/2023 21:00;on
47;KitchenLight;Venerdi;03/03/2023 19:15;on
47;Stove;Venerdi;03/03/2023 19:20;off
47;Oven;Venerdi;03/03/2023 19:23;on
47;Oven;Venerdi;03/03/2023 19:25;off
47;Fridge;Venerdi;03/03/2023 20:19;on
47;PhoneRecharge;Venerdi;03/03/2023 20:20;on
47;Fridge;Venerdi;03/03/2023 20:24;off
47;KitchenLight;Venerdi;03/03/2023 20:25;off
47;BedroomTV;Venerdi;03/03/2023 20:30;on
47;BedroomTV;Venerdi;03/03/2023 21:30;off
47;Radiators;Venerdi;03/03/2023 21:40;off
47;HallDoor;Venerdi;03/03/2023 22:00;on
47;HallDoor;Venerdi;03/03/2023 22:02;off
47;HallDoor;Venerdi;03/03/2023 23:50;on
47;HallDoor;Venerdi;03/03/2023 23:54;on
47;BedroomLight;Venerdi;03/03/2023 23:57;on
47;BedroomLight;Venerdi;03/03/2023 23:59;off
48;BathroomDoor;Sabato;04/03/2023 00:50;on
48;BathroomDoor;Sabato;04/03/2023 00:53;off
48;Bell;Sabato;04/03/2023 00:00;on
48;HallDoor;Sabato;04/03/2023 00:00;off
48;WashingMachine;Sabato;04/03/2023 00:05;off
48;BathroomDoor;Sabato;04/03/2023 01:23;on
48;BathroomDoor;Sabato;04/03/2023 01:45;off
48;Bell;Sabato;04/03/2023 08:37;off
48;Stove;Sabato;04/03/2023 08:40;on
48;Stove;Sabato;04/03/2023 08:50;off
48;Computer;Sabato;04/03/2023 09:50;on
48;BedroomTV;Sabato;04/03/2023 09:55;on
48;Computer;Sabato;04/03/2023 10:00;off
48;HallDoor;Sabato;04/03/2023 11:00;on
48;Microwave;Sabato;04/03/2023 11:05;on
48;Stove;Sabato;04/03/2023 12:10;on
48;Stove;Sabato;04/03/2023 12:25;off
48;Dishwasher;Sabato;04/03/2023 13:50;on
48;Dishwasher;Sabato;04/03/2023 14:30;off
48;BathroomDoor;Sabato;04/03/2023 15:15;on
48;BathroomDoor;Sabato;04/03/2023 15:16;off
48;HallTV;Sabato;04/03/2023 15:20;on
48;Radiators;Sabato;04/03/2023 15:30;on
48;HallTV;Sabato;04/03/2023 16:10;off
48;HallLight;Sabato;04/03/2023 17:10;on
48;Radiators;Sabato;04/03/2023 17:25;on
48;HallLight;Sabato;04/03/2023 18:02;off
48;Computer;Sabato;04/03/2023 18:10;on
48;Computer;Sabato;04/03/2023 18:55;off
48;Stove;Sabato;04/03/2023 19:07;on
48;KitchenLight;Sabato;04/03/2023 19:15;on
48;Stove;Sabato;04/03/2023 19:20;off
48;Oven;Sabato;04/03/2023 19:23;on
48;Oven;Sabato;04/03/2023 20:03;off
48;Fridge;Sabato;04/03/2023 20:19;on
48;PhoneRecharge;Sabato;04/03/2023 20:20;on
48;Fridge;Sabato;04/03/2023 20:24;off
48;KitchenLight;Sabato;04/03/2023 20:25;off
48;BedroomTV;Sabato;04/03/2023 21:25;on
48;BedroomTV;Sabato;04/03/2023 21:40;off
48;Radiators;Sabato;04/03/2023 21:55;off
48;HallDoor;Sabato;04/03/2023 22:05;on
48;HallDoor;Sabato;04/03/2023 22:10;off
48;HallDoor;Sabato;04/03/2023 23:50;on
48;HallDoor;Sabato;04/03/2023 23:54;on
49;BathroomDoor;Domenica;05/03/2023 00:50;on
49;BathroomDoor;Domenica;05/03/2023 00:53;off
49;Bell;Domenica;05/03/2023 00:00;on
49;HallDoor;Domenica;05/03/2023 00:00;off
49;WashingMachine;Domenica;05/03/2023 00:00;off
49;BathroomDoor;Domenica;05/03/2023 01:40;on
49;BathroomDoor;Domenica;05/03/2023 01:45;off
49;Bell;Domenica;05/03/2023 10:37;off
49;Stove;Domenica;05/03/2023 10:45;on
49;Stove;Domenica;05/03/2023 10:50;off
49;BedroomTV;Domenica;05/03/2023 11:00;on
49;Window;Domenica;05/03/2023 12:56;on
49;HallDoor;Domenica;05/03/2023 12:57;on
49;Stove;Domenica;05/03/2023 13:05;on
49;Stove;Domenica;05/03/2023 13:25;off
49;Dishwasher;Domenica;05/03/2023 13:30;on
49;Dishwasher;Domenica;05/03/2023 14:30;off
49;BathroomDoor;Domenica;05/03/2023 14:35;on
49;HallTV;Domenica;05/03/2023 15:10;on
49;Window;Domenica;05/03/2023 14:33;off
49;Radiators;Domenica;05/03/2023 14:35;on
49;HallTV;Domenica;05/03/2023 17:00;off
49;BedroomLight;Domenica;05/03/2023 17:10;on
49;Radiators;Domenica;05/03/2023 17:15;off
49;BedroomLight;Domenica;05/03/2023 17:30;off
49;Stove;Domenica;05/03/2023 18:00;on
49;KitchenLight;Domenica;05/03/2023 19:15;on
49;Stove;Domenica;05/03/2023 19:00;off
49;Oven;Domenica;05/03/2023 19:23;on
49;Window;Domenica;05/03/2023 19:50;on
49;Oven;Domenica;05/03/2023 20:00;off
49;Fridge;Domenica;05/03/2023 20:10;on
49;Fridge;Domenica;05/03/2023 20:12;off
49;PhoneRecharge;Domenica;05/03/2023 20:15;on
49;KitchenLight;Domenica;05/03/2023 20:25;off
49;BedroomTV;Domenica;05/03/2023 21:00;on
49;BedroomTV;Domenica;05/03/2023 21:30;off
49;Radiators;Domenica;05/03/2023 21:45;off
49;HallDoor;Domenica;05/03/2023 22:05;on
49;HallDoor;Domenica;05/03/2023 22:07;off
49;HallDoor;Domenica;05/03/2023 23:30;on
49;HallDoor;Domenica;05/03/2023 23:31;on
49;BedroomTV;Domenica;05/03/2023 23:50;on
